"code_variable";"label";"label_pergunta";"categoria";"subcategoria";"is_dashboard";"is_tabela";"is_absolute";"is_average";"is_percentage"
"1.1.1";"Serviços de Transporte (adm. Prefeitura)";"Quais os serviços de transporte público urbano estão presentes no município, sob gestão da prefeitura, seja por operação direta ou por delegação?";"missing";NA;"0";"0";"0";"0";"0"
"1.2.1";"Serviços de Transporte (adm. Estado)";"Quais os serviços de transporte público urbano estão presentes no município em que o Governo do Estado é responsável pela gestão, seja gestão direta ou indireta?";"missing";NA;"0";"0";"0";"0";"0"
"1.2.2";"Serviços de Transporte (adm. União)";"Quais os serviços de transporte público urbano estão presentes no município em que o Governo Federal é responsável pela gestão, seja gestão direta ou indireta?";"missing";NA;"0";"0";"0";"0";"0"
"1.2.3";"Serviços de Transporte (Concessão)";"Quais os serviços de transporte público urbano estão presentes no município, sob gestão de um consórcio público ou de um convênio de cooperação para gestão do transporte metropolitano, seja de gestão direta ou indireta?";"missing";NA;"0";"0";"0";"0";"0"
"1.3.1";"Tipos de Integração Física";"Quais os tipos de integração física entre os diferentes modos de transporte urbano existem em seu município?";"missing";NA;"0";"0";"0";"0";"0"
"1.4.1.A";"Número de Rodoviárias";"Qual o número total de terminais rodoviários no município?";"Infraestrutura";"Ônibus";"0";"1";"1";"0";"0"
"1.4.1.B";"Número de Rodoviárias (acessibilidade, def. física)";"Qual o número total de terminais rodoviários acessíveis com rampas, plataformas de embarque em nível?";"Infraestrutura";"Ônibus";"0";"1";"1";"0";"0"
"1.4.1.C";"Número de Rodoviárias (acessibilidade, def. visual)";"Qual o número total de terminais rodoviários acessíveis com informações para pessoas com deficiência visual?";"Infraestrutura";"Ônibus";"0";"1";"1";"0";"0"
"1.4.1.D";"Número de Rodoviárias com Integração";"Qual o número total de terminais rodoviários com integração física?";"Infraestrutura";"Ônibus";"0";"1";"1";"0";"0"
"1.4.1.E";"Número de Metroviárias";"Qual o número total de estações metroferroviárias no município?";"Infraestrutura";"Metrô/Trem";"0";"1";"1";"0";"0"
"1.4.1.F";"Número de Metroviárias (acessibilidade, def. física)";"Qual o número total de estações metroferroviárias acessíveis com rampas, plataformas de embarque em nível?";"Infraestrutura";"Metrô/Trem";"0";"1";"1";"0";"0"
"1.4.1.G";"Número de Metroviárias (acessibilidade, def. visual)";"Qual o número total de estações metroferroviárias acessíveis com informações para pessoas com deficiência visual?";"Infraestrutura";"Metrô/Trem";"0";"1";"1";"0";"0"
"1.4.1.H";"Número de Metroviárias com Intregração";"Qual o número total de estações metroferroviárias com integração física?";"Infraestrutura";"Metrô/Trem";"0";"1";"1";"0";"0"
"1.4.2";"Pontos de Embarque/Desembarque (Total)";"Qual o número total de pontos de embarque e desembarque, considerando todos os modos de transporte?";"Infraestrutura";"Ônibus";"0";"1";"1";"0";"0"
"1.4.3";"Pontos de Embarque com abrigo";"Qual o número total de pontos de embarque e desembarque com abrigo para usuários, considerando todos os modos de transporte?";"Infraestrutura";"Ônibus";"1";"1";"1";"0";"0"
"1.4.4";"Pontos de Embarque (em nível)";"Qual o número total de pontos de embarque e desembarque com plataforma de embarque em nível para usuários, considerando todos os modos de transporte?";"Infraestrutura";"Ônibus";"1";"1";"1";"0";"0"
"1.4.5";"Pontos de Embarque Georreferenciados";"O município disponibiliza o local de pontos de embarque de desembarque georreferenciados na internet?";"Infraestrutura";"Ônibus";"1";"1";"0";"0";"0"
"1.4.5.A";NA;"Em qual website é possível obter os pontos de embarque e desembarque georreferenciados?";NA;NA;"0";"0";"0";"0";"0"
"1.5.1.A";"Frota de ônibus";"Qual a frota de veículos operacionais de ônibus convencional no município?";"Frota";"Ônibus";"0";"1";"1";"0";"0"
"1.5.1.B";"Ônibus (capacidade média)";"Qual a capacidade média da frota de ônibus convencionais operacionais no município?";"Frota";"Ônibus";"1";"1";"0";"1";"0"
"1.5.1.C";"Ônibus (piso baixo)";"Qual o número de ônibus convencionais operacionais de piso baixo no município?";"Frota";"Ônibus";"1";"1";"1";"0";"0"
"1.5.1.D";"Ônibus (com plataforma)";"Qual o número de ônibus convencionais operacionais com plataforma elevatória no município?";"Frota";"Ônibus";"1";"1";"1";"0";"0"
"1.5.1.E";"Frota de Ônibus Articulados";"Qual a frota de veículos operacionais de ônibus articulado no município?";"Frota";"Ônibus";"1";"1";"1";"0";"0"
"1.5.1.F";"Ônibus Articulados (capacidade média)";"Qual a capacidade média de ônibus articulado operacionais no município?";"Frota";"Ônibus";"1";"1";"0";"1";"0"
"1.5.1.G";"Ônibus Articulados (piso baixo)";"Qual o número de ônibus articulados operacionais de piso baixo?";"Frota";"Ônibus";"1";"1";"1";"0";"0"
"1.5.1.H";"Ônibus Articulados (com plataforma)";"Qual o número de ônibus articulados operacionais com plataforma elevatória no município?";"Frota";"Ônibus";"1";"1";"1";"0";"0"
"1.5.1.I";"Frota de Ônibus Biarticulados";"Qual a frota de veículos operacionais de ônibus biarticulado no município?";"Frota";"Ônibus";"1";"1";"1";"0";"0"
"1.5.1.J";"Ônibus Biarticulados (cap. média)";"Qual a capacidade média de ônibus biarticulado operacionais no município?";"Frota";"Ônibus";"1";"1";"0";"1";"0"
"1.5.1.K";"Ônibus Biarticulados (piso baixo)";"Qual o número de ônibus biarticulados operacionais de piso baixo?";"Frota";"Ônibus";"1";NA;"1";"0";"0"
"1.5.1.L";"Ônibus Biarticulados (com plataforma)";"Qual o número de ônibus biarticulados operacionais com plataforma elevatória no município?";"Frota";"Ônibus";"1";"1";"1";"0";"0"
"1.5.1.M";"Frota de Microônibus";"Qual a frota de veículos operacionais de vans/microônibus no município?";"Frota";"Vans/Microônibus";"1";"1";"1";"0";"0"
"1.5.1.N";"Microônibus (capacidade média)";"Qual a capacidade média da frota de vans/microônibus operacionais no município?";"Frota";"Vans/Microônibus";"1";"1";"0";"1";"0"
"1.5.1.O";"Frota de Táxis";"Qual a frota de veículos operacionais de táxi no município?";"Frota";"Táxi";"1";"1";"1";"0";"0"
"1.5.1.P";"Frota de Mototáxis";"Qual a frota de veículos operacionais de mototáxi no município?";"Frota";"Mototáxi";"1";"1";"1";"0";"0"
"1.5.1.Q";"Frota (composição) de Metrôs";"Qual a frota de veículos operacionais de metrô (composição) no município?";"Frota";"Metrô";"1";NA;"1";"0";"0"
"1.5.1.R";"Metrô (capacidade média)";"Qual a capacidade média de um veículo de metrô (composição) no município?";"Frota";"Metrô";"1";NA;"0";"1";"0"
"1.5.1.S";"Frota de Trens";"Qual a frota de veículos operacionais de trem (composição) no município?";"Frota";"Trem";"1";NA;"1";"0";"0"
"1.5.1.T";"Trem (capacidade média)";"Qual a capacidade média de um veículo de trem (composição) no município?";"Frota";"Trem";"1";NA;"0";"1";"0"
"1.5.1.U";"Frota de Barcos";"Qual a frota de barcos operacionais no município?";"Frota";"Barco";"1";"1";"1";"0";"0"
"1.5.1.V";"Barcos (capacidade média)";"Qual a capacidade média da frota de barco no município?";"Frota";"Barco";"1";"1";"0";"1";"0"
"1.5.1.W";"Frota (composição) de VLTs";"Qual a frota de veículos operacionais de VLT (composição) no município?";"Frota";"VLT";"1";NA;"1";"0";"0"
"1.5.1.X";"VLT (capacidade média)";"Qual a capacidade média de um veículo de VLT (composição) no município?";"Frota";"VLT";"1";NA;"0";"1";"0"
"1.5.1.Y";"Frota (composição) de Monotrilhos";"Qual a frota de veículos operacionais de monotrilho (composição) no município?";"Frota";"Monotrilho";"1";NA;"1";"0";"0"
"1.5.1.Z";"Monotrilho (capacidade média)";"Qual a capacidade média de um veículo de monotrilho (composição) no município?";"Frota";"Monotrilho";"1";NA;"0";"1";"0"
"1.5.1.AA";"Frota (composição) de Aeromóvel";"Qual a frota de veículos operacionais de aeromóvel (composição) no município?";"Frota";"Aeromóvel";"1";NA;"1";"0";"0"
"1.5.1.AB";"Aeromóvel (capacidade média)";"Qual a capacidade média de um aeromóvel no município?";"Frota";"Aeromóvel";"1";NA;"0";"1";"0"
"1.5.1.AC";"Frota de Bicicletas Compartilhadas";"Qual a frota de bicicletas compartilhadas operacionais no município?";"Frota";"Bicicleta";"1";"1";"1";"0";"0"
"1.5.2.A";"Frota de Veículos Fretados para Passageiros";"Qual a frota de veículos para fretamento para transporte de passageiro no município?";"Frota";"Ônibus";"1";"1";"1";"0";"0"
"1.5.2.B";"Frota de Veículos Escolares";"Qual a frota de veículos para transporte escolar no município?";"Frota";"Ônibus";"1";"1";"1";"0";"0"
"1.6.1.A";"Extensão de Vias Exclusivas para Pedestres";"Qual a quilometragem de vias dedicadas onde apenas pedestres podem circular (permanente)?";"Infraestrutura";"Pedestres";"0";"1";"1";"0";"0"
"1.6.1.B";"Extensão de Vias Exclusivas Temporárias para Pedestres";"Qual a quilometragem de vias dedicadas onde apenas pedestres podem circular (temporária)?";"Infraestrutura";"Pedestres";"0";"1";"1";"0";"0"
"1.6.1.C";"Extensão de Calçadas para Pedestres";"Qual a quilometragem de calçadas no município (parte da via reservada ao trânsito de pedestres)?";"Infraestrutura";"Pedestres";"0";"1";"1";"0";"0"
"1.6.1.D";"Extensão de Vias Exclusivas para BRT";"Qual a quilometragem de vias dedicadas exclusivas para BRTs no município?";"Frota";"Ônibus";"0";"1";"1";"0";"0"
"1.6.1.E";"Extensão de Corredores Exclusivos de Ônibus";"Qual a quilometragem de vias dedicadas exclusivamente a corredores de ônibus no município?";"Frota";"Ônibus";"0";"1";"1";"0";"0"
"1.6.1.F";"Extensão de Faixas Exclusivas";"Qual a quilometragem de vias dedicadas a faixas exclusivas no município?";"Frota";"Ônibus";"0";"1";"1";"0";"0"
"1.6.1.G";"Extensão de Ciclovias Exclusivas";"Qual a quilometragem de vias dedicadas exclusivamente a ciclovias no município?";"Frota";"Bicicleta";"0";"1";"1";"0";"0"
"1.6.1.H";"Extensão de Ciclofaixas Exclusivas";"Qual a quilometragem de vias dedicadas exclusivamente a ciclofaixas no município?";"Frota";"Bicicleta";"0";"1";"1";"0";"0"
"1.6.1.I";"Extensão da malha (metrô)";"Qual a quilometragem de vias dedicadas exclusivamente a metrô no município?";"Infraestrutura";"Metrô";"0";"1";"1";"0";"0"
"1.6.1.J";"Extensão da malha (trem)";"Qual a quilometragem de vias dedicadas exclusivamente a trem no município?";"Infraestrutura";"Trem";"0";"1";"1";"0";"0"
"1.6.1.K";"Extensão da malha (VLT)";"Qual a quilometragem de vias dedicadas exclusivamente a VLT no município?";"Infraestrutura";"VLT";"0";"1";"1";"0";"0"
"1.6.1.L";"Extensão da malha (monotrilho)";"Qual a quilometragem de vias dedicadas exclusivamente a monotrilho no município?";"Infraestrutura";"Monotrilho";"0";NA;"1";"0";"0"
"1.6.1.M";"Extensão da malha (aeromóvel)";"Qual a quilometragem de vias dedicadas exclusivamente a aeromóvel no município?";"Infraestrutura";"Aeromóvel";"0";NA;"1";"0";"0"
"1.7.1.A";"Quilômetros Percorridos (Ônibus)";"Qual a quilometragem percorrida no ano pela frota de ônibus do município?";"Frota";"Ônibus";"1";"1";"1";"0";"0"
"1.7.1.B";"Quilômetros Percorridos (Microônibus)";"Qual a quilometragem percorrida no ano pela frota de vans/microônibus do município?";"Frota";"Vans/Microônibus";"1";"1";"1";"0";"0"
"1.7.1.C";"Quilômetros Percorridos (Metrô)";"Qual a quilometragem percorrida no ano pela frota de metrô do município?";"Frota";"Metrô";"1";NA;"1";"0";"0"
"1.7.1.D";"Quilômetros Percorridos (Trem)";"Qual a quilometragem percorrida no ano pela frota de trem do município?";"Frota";"Trem";"1";NA;"1";"0";"0"
"1.7.1.E";"Quilômetros Percorridos (Barco)";"Qual a quilometragem percorrida no ano pela frota de barco/catamarã do município?";"Frota";"Barco";"1";NA;"1";"0";"0"
"1.7.1.F";"Quilômetros Percorridos (VLT)";"Qual a quilometragem percorrida no ano pela frota de VLT do município?";"Frota";"VLT";"1";NA;"1";"0";"0"
"1.7.1.G";"Quilômetros Percorridos (Monotrilho)";"Qual a quilometragem percorrida no ano pela frota de monotrilho do município?";"Frota";"Monotrilho";"1";NA;"1";"0";"0"
"1.7.1.H";"Quilômetros Percorridos (Aeromóvel)";"Qual a quilometragem percorrida no ano pela frota de aeromóvel do município?";"Frota";"Aeromóvel";"1";NA;"1";"0";"0"
"2.1.1.A";"Velocidade Média do BRT em faixas prioritárias (pico)";"Qual a velocidade média operacional (km/h) do sistema de BRT do município em faixas prioritárias no horário de pico?";"Infraestrutura";"Ônibus";"1";"1";"0";"1";"0"
"2.1.1.B";"Velocidade Média do Ônibus nos Corredores (pico)";"Qual a velocidade média operacional (km/h) nos corredores de ônibus do município no horário de pico?";"Infraestrutura";"Ônibus";"1";"1";"0";"1";"0"
"2.1.1.C";"Velocidade Média do Ônibus nas Faixas Exclusivas (pico)";"Qual a velocidade média operacional (km/h) nas faixas exclusivas de ônibus do município no horário de pico?";"Infraestrutura";"Ônibus";"1";"1";"0";"1";"0"
"2.1.1.D";"Velocidade Média do Metrô (pico)";"Qual a velocidade média operacional (km/h) do sistema de metrô do município no horário de pico?";"Infraestrutura";"Metrô";"1";NA;"0";"1";"0"
"2.1.1.E";"Velocidade Média do Trem (pico)";"Qual a velocidade média operacional (km/h) do sistema de trem do município no horário de pico?";"Infraestrutura";"Trem";"1";NA;"0";"1";"0"
"2.1.1.F";"Velocidade Média do VLT (pico)";"Qual a velocidade média operacional (km/h) do sistema de VLT do município no horário de pico?";"Infraestrutura";"VLT";"1";NA;"0";"1";"0"
"2.1.1.G";"Velocidade Média do Monotrilho (pico)";"Qual a velocidade média operacional (km/h) do sistema de monotrilho do município no horário de pico?";"Infraestrutura";"Monotrilho";"1";NA;"0";"1";"0"
"2.1.1.H";"Velocidade Média do Aeromóvel (pico)";"Qual a velocidade média operacional (km/h) do sistema de aeromóvel do município no horário de pico?";"Infraestrutura";"Aeromóvel";"1";NA;"0";"1";"0"
"2.1.2";"Velocidade Média do Transporte Público em Vias Mistas";"Qual a velocidade média operacional (km/h) do sistema de transporte público coletivo em vias de tráfego misto no horário de pico?";"Infraestrutura";"Ônibus";"1";"1";"0";"1";"0"
"2.2.1";"Táxi no Corredor de Ônibus";"É possível a circulação de táxis nos corredores de ônibus?";"Infraestrutura";"Táxi";"0";"1";"0";"0";"0"
"2.3.1.A";"Idade Média da Frota de Ônibus";"Qual a idade média da frota do serviço de transporte por ônibus no município? (em anos)";"Frota";"Ônibus";"0";"1";"0";"1";"0"
"2.3.1.B";"Idade Média da Frota de Microônibus";"Qual a idade média da frota do serviço de transporte por vans/microônibus no município? (em anos)";"Frota";"Vans/Microônibus";"0";"1";"0";"1";"0"
"2.3.1.C";"Idade Média da Frota de Metrô";"Qual a idade média da frota do serviço de transporte por metrô no município? (em anos)";"Frota";"Metrô";"1";NA;"0";"1";"0"
"2.3.1.D";"Idade Média da Frota de Trens";"Qual a idade média da frota do serviço de transporte por trem no município? (em anos)";"Frota";"Trem";"1";NA;"0";"1";"0"
"2.3.1.E";"Idade Média da Frota de VLTs";"Qual a idade média da frota do serviço de transporte por VLT no município? (em anos)";"Frota";"VLT";"0";NA;"0";"1";"0"
"2.3.1.F";"Idade Média da Frota de Monotrilho";"Qual a idade média da frota do serviço de transporte por monotrilho no município? (em anos)";"Frota";"Monotrilho";"0";NA;"0";"1";"0"
"2.3.1.G";"Idade Média da Frota de Aeromóvel";"Qual a idade média da frota do serviço de transporte por aeromóvel no município? (em anos)";"Frota";"Aeromóvel";"0";NA;"0";"1";"0"
"2.3.1.H";"Idade Média da Frota de Táxis";"Qual a idade média da frota do serviço de transporte por Táxi no município? (em anos)";"Frota";"Táxi";"0";"1";"0";"1";"0"
"2.4.1.A";"Terminais Rodoviários com Itinerários";"Qual o número de terminais rodoviários com informações aos usuários sobre itinerários?";"Infraestrutura";"Ônibus";"0";"1";"1";"0";"0"
"2.4.1.B";"Terminais Rodoviários com Informações sobre Horários";"Qual o número de terminais rodoviários com informações aos usuários sobre horários?";"Infraestrutura";"Ônibus";"0";"1";"1";"0";"0"
"2.4.1.C";"Terminais Rodoviários com Informações sobre Tarifas";"Qual o número de terminais rodoviários com informações aos usuários sobre tarifas dos serviços?";"Infraestrutura";"Ônibus";"0";"1";"1";"0";"0"
"2.4.1.D";"Terminais Rodoviários com Informações sobre Integrações";"Qual o número de terminais rodoviários com informações aos usuários sobre formas de integração com outros modos de transporte?";"Infraestrutura";"Ônibus";"0";"1";"1";"0";"0"
"2.4.1.E";"Estações Metroviárias com Itinerários";"Qual o número de estações metroferroviárias com informações aos usuários sobre itinerários?";"Infraestrutura";"Metrô/Trem";"1";"1";"1";"0";"0"
"2.4.1.F";"Estações Metroviárias com Informações sobre Horários";"Qual o número de estações metroferroviárias com informações aos usuários sobre horários?";"Infraestrutura";"Metrô/Trem";"1";"1";"1";"0";"0"
"2.4.1.G";"Estações Metroviárias com Informações sobre Tarifas";"Qual o número de estações metroferroviárias com informações aos usuários sobre tarifas dos serviços?";"Infraestrutura";"Metrô/Trem";"1";"1";"1";"0";"0"
"2.4.1.H";"Estações Metroviárias com Informações sobre Integrações";"Qual o número de estações metroferroviárias com informações aos usuários sobre formas de integração com outros modos de transporte?";"Infraestrutura";"Metrô/Trem";"1";"1";"1";"0";"0"
"2.4.2.A";"Pontos de Embarque com Itinerários";"Qual o número total de pontos de embarque e desembarque com informações aos usuários sobre itinerários?";"Infraestrutura";"Ônibus";"1";"1";"1";"0";"0"
"2.4.2.B";"Pontos de Embarque com Informações sobre Horários";"Qual o número total de pontos de embarque e desembarque com informações aos usuários sobre horários?";"Infraestrutura";"Ônibus";"1";"1";"1";"0";"0"
"2.4.2.C";"Pontos de Embarque com Informações sobre Tarifas";"Qual o número total de pontos de embarque e desembarque com informações aos usuários sobre tarifas?";"Infraestrutura";"Ônibus";"1";"1";"1";"0";"0"
"2.4.2.D";"Pontos de Embarque com Informações sobre Integrações";"Qual o número total de pontos de embarque e desembarque com informações aos usuários sobre modos de interação com outros modos de transporte?";"Infraestrutura";"Ônibus";"1";"1";"1";"0";"0"
"2.5.1";"Existe Pesquisa de Satisfação de Usuário";"O município realiza pesquisa de satisfação dos usuários?";"Outros";"Governança e Leis";"0";"1";"0";"0";"0"
"2.5.1.A";"Ano da Pesquisa";"Ano de realização da pesquisa:";"missing";NA;"0";"0";"1";"0";"0"
"2.5.1.B";"Website Satisfação de Usuário";"Em qual website é possível obter a pesquisa de satisfação dos usuários em formato digital?";"missing";NA;"0";"0";"0";"0";"0"
"2.6.1.A";"Existe informação sobre pontualidade e regularidade (Ônibus)";"O município possui informações sobre pontualidade e regularidade na prestação do serviço de transporte por ônibus?";"Infraestrutura";"Ônibus";"0";"1";"0";"0";"0"
"2.6.1.B";"Existe informação sobre pontualidade e regularidade (Microônibus)";"O município possui informações sobre pontualidade e regularidade na prestação do serviço de transporte por vans/microônibus?";"Infraestrutura";"Vans/Microônibus";"0";"1";"0";"0";"0"
"2.6.1.C";"Existe informação sobre pontualidade e regularidade (Metrô)";"O município possui informações sobre pontualidade e regularidade na prestação do serviço de transporte por metrô?";"Infraestrutura";"Metrô";"0";"1";"0";"0";"0"
"2.6.1.D";"Existe informação sobre pontualidade e regularidade (Trem)";"O município possui informações sobre pontualidade e regularidade na prestação do serviço de transporte por trem?";"Infraestrutura";"Trem";"0";"1";"0";"0";"0"
"2.6.1.E";"Existe informação sobre pontualidade e regularidade (Barco)";"O município possui informações sobre pontualidade e regularidade na prestação do serviço de transporte por barco?";"Infraestrutura";"Barco";"0";"1";"0";"0";"0"
"2.6.1.F";"Existe informação sobre pontualidade e regularidade (VLT)";"O município possui informações sobre pontualidade e regularidade na prestação do serviço de transporte por VLT?";"Infraestrutura";"VLT";"0";"1";"0";"0";"0"
"2.6.1.G";"Existe informação sobre pontualidade e regularidade (Monotrilho)";"O município possui informações sobre pontualidade e regularidade na prestação do serviço de transporte por monotrilho?";"Infraestrutura";"Monotrilho";"0";NA;"0";"0";"0"
"2.6.1.H";"Existe informação sobre pontualidade e regularidade (Aeromóvel)";"O município possui informações sobre pontualidade e regularidade na prestação do serviço de transporte por aeromóvel?";"Infraestrutura";"Aeromóvel";"0";NA;"0";"0";"0"
"2.6.2.A";"Viagens de Ônibus Realizadas no Horário Programado (%)";"Qual a porcentagem de viagens por ônibus foram realizadas dentro do horário programado no ano? (%)";"Infraestrutura";"Ônibus";"1";"1";"1";"0";"0"
"2.6.2.B";"Viagens de Microônibus Realizadas no Horário Programado (%)";"Qual a porcentagem de viagens por vans/microônibus foram realizadas dentro do horário programado no ano? (%)";"Infraestrutura";"Vans/Microônibus";"1";"1";"1";"0";"0"
"2.6.2.C";"Viagens de Metrô Realizadas no Horário Programado (%)";"Qual a porcentagem de viagens por metrô foram realizadas dentro do horário programado no ano? (%)";"Infraestrutura";"Metrô";"1";NA;"1";"0";"0"
"2.6.2.D";"Viagens de Trem Realizadas no Horário Programado (%)";"Qual a porcentagem de viagens por trem foram realizadas dentro do horário programado no ano? (%)";"Infraestrutura";"Trem";"1";NA;"1";"0";"0"
"2.6.2.E";"Viagens de Barco Realizadas no Horário Programado (%)";"Qual a porcentagem de viagens por barco foram realizadas dentro do horário programado no ano? (%)";"Infraestrutura";"Barco";"1";NA;"1";"0";"0"
"2.6.2.F";"Viagens de VLT Realizadas no Horário Programado (%)";"Qual a porcentagem de viagens por VLT foram realizadas dentro do horário programado no ano? (%)";"Infraestrutura";"VLT";"1";NA;"1";"0";"0"
"2.6.2.G";"Viagens de Monotrilho Realizadas no Horário Programado (%)";"Qual a porcentagem de viagens por Monotrilho foram realizadas dentro do horário programado no ano? (%)";"Infraestrutura";"Monotrilho";"1";NA;"1";"0";"0"
"2.6.2.H";"Viagens de Aeromóvel Realizadas no Horário Programado (%)";"Qual a porcentagem de viagens por aeromóvel foram realizadas dentro do horário programado no ano? (%)";"Infraestrutura";"Aeromóvel";"1";NA;"1";"0";"0"
"2.6.2.I";"Viagens de Ônibus Incompletas (%)";"Qual a porcentagem de viagens por ônibus não foram completadas no ano? (%)";"Infraestrutura";"Ônibus";"1";"1";"1";"0";"0"
"2.6.2.J";"Viagens de Ônibus Incompletas Microônibus(%)";"Qual o percentual de viagens por vans/microônibus não foram completadas no ano? (%)";"Infraestrutura";"Vans/Microônibus";"1";"1";"0";"0";"1"
"2.6.2.K";"Viagens de Metrô Incompletas (%)";"Qual o percentual de viagens por metrô não foram completadas no ano? (%)";"Infraestrutura";"Metrô";NA;NA;"0";"0";"1"
"2.6.2.L";"Viagens de Trem Incompletas (%)";"Qual o percentual de viagens por trem não foram completadas no ano? (%)";"Infraestrutura";"Trem";NA;NA;"0";"0";"1"
"2.6.2.M";"Viagens de Barco Incompletas (%)";"Qual o percentual de viagens por barco não foram completadas no ano? (%)";"Infraestrutura";"Barco";NA;NA;"0";"0";"1"
"2.6.2.N";"Viagens de VLT Incompletas (%)";"Qual o percentual de viagens por VLT não foram completadas no ano? (%)";"Infraestrutura";"VLT";NA;NA;"0";"0";"1"
"2.6.2.O";"Viagens de Monotrilho Incompletas (%)";"Qual o percentual de viagens por monotrilho não foram completadas no ano? (%)";"Infraestrutura";"Monotrilho";NA;NA;"0";"0";"1"
"2.6.2.P";"Viagens de Aeromóvel Incompletas (%)";"Qual o percentual de viagens por aeromóvel não foram completadas no ano? (%)";"Infraestrutura";"Aeromóvel";NA;NA;"0";"0";"1"
"3.1.1.A";"Valor da Tarifa";"Qual o valor da atual tarifa predominante do município?";"Tarifa";"Valores";"1";"1";"1";"0";"0"
"3.1.1.B";"Valor Anterior da Tarifa";"Qual o valor anterior da tarifa predominante no município?";"Tarifa";"Valores";"0";"0";"1";"0";"0"
"3.1.1.C";"Data do Último Reajuste";"Qual a data do último reajuste?";"missing";NA;"0";"0";"0";"0";"0"
"3.1.2";"Tarifa Única";"Existe outros valores de tarifas na rede de transporte público coletivo no município?";"Tarifa";NA;"0";"0";"0";"0";"0"
"3.1.2.A";"Serviços e Tarifas Diferentes";"Quais outros serviços e respectivos valores de tarifas públicas existem no município?";"Tarifa";NA;"0";"0";"0";"0";"0"
"3.1.3";"Formas de Integração Tarifárias Existentes";"Quais as formas de integração tarifária existentes?";"missing";NA;"0";"0";"0";"0";"0"
"3.2.1.A";"Receita Tarifária (Ônibus)";"Qual o valor da receita tarifária anual por ônibus arrecadado no ano?";"Receita";"Ônibus";"1";"1";"1";"0";"0"
"3.2.1.B";"Subsídios a Passageiros (Ônibus)";"Se houver receita extratarifária, qual o valor de subsídio associado a passageiros com benefícios tarifários utilizado no sistema por ônibus no ano?";"Receita";"Ônibus";"1";"1";"1";"0";"0"
"3.2.1.C";"Subsídios ao Sistema (Ônibus)";"Se houver receita extratarifária, qual o valor arrecadado com subsídio direto ao sistema (subvenção) no sistema por ônibus no ano?";"Receita";"Ônibus";"1";"1";"1";"0";"0"
"3.2.1.D";"Receita Extratarifária com Publicidade (Ônibus)";"Se houver receita extratarifária, qual o valor arrecadado com publicidade em abrigos, terminais e veículos no sistema por ônibus no ano?";"Receita";"Ônibus";"1";"1";"1";"0";"0"
"3.2.1.E";"Receita Extratarifária de Outras Fontes (Ônibus)";"Se houver receita extratarifária, qual o valor arrecadado com outras fontes de recursos no sistema por ônibus no ano?";"Receita";"Ônibus";"1";"1";"1";"0";"0"
"3.2.2.A";"Receita Tarifária (Vans/Microônibus)";"Qual o valor da receita tarifária anual por vans/microônibus arrecadado no ano?";"Receita";"Vans/Microônibus";"1";"1";"1";"0";"0"
"3.2.2.B";"Subsídios a Passageiros (Vans/Microônibus)";"Se houver receita extratarifária, qual o valor de subsídio associado a passageiros com benefícios tarifários utilizado no sistema por vans/microônibus no ano?";"Receita";"Vans/Microônibus";"1";NA;"1";"0";"0"
"3.2.2.C";"Subsídios ao Sistema (Vans/Microônibus)";"Se houver receita extratarifária, qual o valor arrecadado com subsídio direto ao sistema (subvenção) no sistema por vans/microônibus no ano?";"Receita";"Vans/Microônibus";"1";NA;"1";"0";"0"
"3.2.2.D";"Receita Extratarifária com Publicidade (Vans/Microônibus)";"Se houver receita extratarifária, qual o valor arrecadado com publicidade em abrigos, terminais e veículos no sistema por vans/microônibus no ano?";"Receita";"Vans/Microônibus";"1";NA;"1";"0";"0"
"3.2.2.E";"Receita Extratarifária de Outras Fontes (Vans/Microônibus)";"Se houver receita extratarifária, qual o valor arrecadado com outras fontes de recursos no sistema por vans/microônibus no ano?";"Receita";"Vans/Microônibus";"1";NA;"1";"0";"0"
"3.2.3.A";"Receita Tarifária (Metrô)";"Qual o valor da receita tarifária anual por metrô arrecadado no ano?";"Receita";"Metrô";"1";NA;"1";"0";"0"
"3.2.3.B";"Subsídios a Passageiros (Metrô)";"Se houver receita extratarifária, qual o valor de subsídio associado a passageiros com benefícios tarifários utilizado no sistema por metrô no ano?";"Receita";"Metrô";"1";NA;"1";"0";"0"
"3.2.3.C";"Subsídios ao Sistema (Metrô)";"Se houver receita extratarifária, qual o valor arrecadado com subsídio direto ao sistema (subvenção) no sistema por metrô no ano?";"Receita";"Metrô";"1";NA;"1";"0";"0"
"3.2.3.D";"Receita Extratarifária com Publicidade (Metrô)";"Se houver receita extratarifária, qual o valor arrecadado com publicidade em abrigos, terminais e veículos no sistema por metrô no ano?";"Receita";"Metrô";"1";NA;"1";"0";"0"
"3.2.3.E";"Receita Extratarifária de Outras Fontes (Metrô)";"Se houver receita extratarifária, qual o valor arrecadado com outras fontes de recursos no sistema por metrô no ano?";"Receita";"Metrô";"1";NA;"1";"0";"0"
"3.2.4.A";"Receita Tarifária (Trem)";"Qual o valor da receita tarifária anual por trem arrecadado no ano?";"Receita";"Trem";"1";NA;"1";"0";"0"
"3.2.4.B";"Subsídios a Passageiros (Trem)";"Se houver receita extratarifária, qual o valor de subsídio associado a passageiros com benefícios tarifários utilizado no sistema por trem no ano?";"Receita";"Trem";"1";NA;"1";"0";"0"
"3.2.4.C";"Subsídios ao Sistema (Trem)";"Se houver receita extratarifária, qual o valor arrecadado com subsídio direto ao sistema (subvenção) no sistema por trem no ano?";"Receita";"Trem";"1";NA;"1";"0";"0"
"3.2.4.D";"Receita Extratarifária com Publicidade (Trem)";"Se houver receita extratarifária, qual o valor arrecadado com publicidade em abrigos, terminais e veículos no sistema por trem no ano?";"Receita";"Trem";"1";NA;"1";"0";"0"
"3.2.4.E";"Receita Extratarifária de Outras Fontes (Trem)";"Se houver receita extratarifária, qual o valor arrecadado com outras fontes de recursos no sistema por trem no ano?";"Receita";"Trem";"1";NA;"1";"0";"0"
"3.2.5.A";"Receita Tarifária (Barco)";"Qual o valor da receita tarifária anual por barco arrecadado no ano?";"Receita";"Barco";"1";NA;"1";"0";"0"
"3.2.5.B";"Subsídios a Passageiros (Barco)";"Se houver receita extratarifária, qual o valor de subsídio associado a passageiros com benefícios tarifários utilizado no sistema por barco no ano?";"Receita";"Barco";"1";NA;"1";"0";"0"
"3.2.5.C";"Subsídios ao Sistema (Barco)";"Se houver receita extratarifária, qual o valor arrecadado com subsídio direto ao sistema (subvenção) no sistema por barco no ano?";"Receita";"Barco";"1";NA;"1";"0";"0"
"3.2.5.D";"Receita Extratarifária com Publicidade (Barco)";"Se houver receita extratarifária, qual o valor arrecadado com publicidade em abrigos, terminais e veículos no sistema por barco no ano?";"Receita";"Barco";"1";NA;"1";"0";"0"
"3.2.5.E";"Receita Extratarifária de Outras Fontes (Barco)";"Se houver receita extratarifária, qual o valor arrecadado com outras fontes de recursos no sistema por barco no ano?";"Receita";"Barco";"1";NA;"1";"0";"0"
"3.2.6.A";"Receita Tarifária (VLT)";"Qual o valor da receita tarifária anual por VLT arrecado no ano?";"Receita";"VLT";"1";NA;"1";"0";"0"
"3.2.6.B";"Subsídios a Passageiros (VLT)";"Se houver receita extratarifária, qual o valor de subsídio associado a passageiros com benefícios tarifários utilizado no sistema por VLT no ano?";"Receita";"VLT";"1";NA;"1";"0";"0"
"3.2.6.C";"Subsídios ao Sistema (VLT)";"Se houver receita extratarifária, qual o valor arrecadado com subsídio direto ao sistema (subvenção) no sistema por VLT no ano?";"Receita";"VLT";"1";NA;"1";"0";"0"
"3.2.6.D";"Receita Extratarifária com Publicidade (VLT)";"Se houver receita extratarifária, qual o valor arrecadado com publicidade em abrigos, terminais e veículos no sistema por VLT no ano?";"Receita";"VLT";"1";NA;"1";"0";"0"
"3.2.6.E";"Receita Extratarifária de Outras Fontes (VLT)";"Se houver receita extratarifária, qual o valor arrecadado com outras fontes de recursos no sistema por VLT no ano?";"Receita";"VLT";"1";NA;"1";"0";"0"
"3.2.7.A";"Receita Tarifária (Monotrilho)";"Qual o valor da receita tarifária anual por monotrilho arrecadado no ano?";"Receita";"Monotrilho";"1";NA;"1";"0";"0"
"3.2.7.B";"Subsídios a Passageiros (Monotrilho)";"Se houver receita extratarifária, qual o valor de subsídio associado a passageiros com benefícios tarifários utilizado no sistema por monotrilho no ano?";"Receita";"Monotrilho";"1";NA;"1";"0";"0"
"3.2.7.C";"Subsídios ao Sistema (Monotrilho)";"Se houver receita extratarifária, qual o valor arrecadado com subsídio direto ao sistema (subvenção) no sistema por monotrilho no ano?";"Receita";"Monotrilho";"1";NA;"1";"0";"0"
"3.2.7.D";"Receita Extratarifária com Publicidade (Monotrilho)";"Se houver receita extratarifária, qual o valor arrecadado com publicidade em abrigos, terminais e veículos no sistema por monotrilho no ano?";"Receita";"Monotrilho";"1";NA;"1";"0";"0"
"3.2.7.E";"Receita Extratarifária de Outras Fontes (Monotrilho)";"Se houver receita extratarifária, qual o valor arrecadado com outras fontes de recursos no sistema por monotrilho no ano?";"Receita";"Monotrilho";"1";NA;"1";"0";"0"
"3.2.8.A";"Receita Tarifária (Aeromóvel)";"Qual o valor da receita tarifária anual por aeromóvel arrecado no ano?";"Receita";"Aeromóvel";"1";NA;"1";"0";"0"
"3.2.8.B";"Subsídios a Passageiros (Aeromóvel)";"Se houver receita extratarifária, qual o valor de subsídio associado a passageiros com benefícios tarifários utilizado no sistema por aeromóvel no ano?";"Receita";"Aeromóvel";"1";NA;"1";"0";"0"
"3.2.8.C";"Subsídios ao Sistema (Aeromóvel)";"Se houver receita extratarifária, qual o valor arrecadado com subsídio direto ao sistema (subvenção) no sistema por aeromóvel no ano?";"Receita";"Aeromóvel";"1";NA;"1";"0";"0"
"3.2.8.D";"Receita Extratarifária com Publicidade (Aeromóvel)";"Se houver receita extratarifária, qual o valor arrecadado com publicidade em abrigos, terminais e veículos no sistema por aeromóvel no ano?";"Receita";"Aeromóvel";"1";NA;"1";"0";"0"
"3.2.8.E";"Receita Extratarifária de Outras Fontes (Aeromóvel)";"Se houver receita extratarifária, qual o valor arrecadado com outras fontes de recursos no sistema por aeromóvel no ano?";"Receita";"Aeromóvel";"1";NA;"1";"0";"0"
"3.3.1.A";NA;"Quais os impostos incidentes no serviço de transporte por ônibus?";NA;NA;"1";"1";"1";"0";"0"
"3.3.1.B";"Impostos e taxas - Alíquota ISS (Ônibus)";"Qual o percentual de ISS incidente no serviço de transporte por ônibus?";"Custos";"Ônibus";"1";"1";"0";"0";"1"
"3.3.1.C";"Impostos e Taxas - Taxa de Gerenciamento (Ônibus)";"Qual o percentual de Taxa de Gerenciamento incidente no serviço de transporte por ônibus?";"Custos";"Ônibus";"1";"1";"0";"0";"1"
"3.3.1.D";"Impostos e Taxas - PIS (Ônibus)";"Qual o percentual de PIS incidente no serviço de transporte por ônibus?";"Custos";"Ônibus";"1";"1";"0";"0";"1"
"3.3.1.E";"Impostos e Taxas - Cofins (Ônibus)";"Qual o percentual de Cofins incidente no serviço de transporte por ônibus?";"Custos";"Ônibus";"1";"1";"0";"0";"1"
"3.3.1.F";"Impostos e Taxas - Alíquota Outros Impostos (Ônibus)";"Qual o percentual de outros impostos incidentes no serviço de transporte por ônibus?";"Custos";"Ônibus";"1";"1";"0";"0";"1"
"3.3.1.G";"Impostos e Taxas - Outros Impostos (Ônibus)";"Quais outros impostos incidem no serviço de transporte por ônibus?";"Custos";"Ônibus";"1";"1";"1";"0";"0"
"3.3.1.H";NA;"Quais os impostos incidentes no serviço de transporte por vans/microônibus?";NA;NA;"1";"1";"1";"0";"0"
"3.3.1.I";"Impostos e taxas - Alíquota ISS (Vans/Microônibus)";"Qual o percentual de ISS incidente no serviço de transporte por vans/microônibus?";"Custos";"Vans/Microônibus";"1";"1";"0";"0";"1"
"3.3.1.J";"Impostos e Taxas - Taxa de Gerenciamento (Vans/Microônibus)";"Qual o percentual de Taxa de Gerenciamento incidente no serviço de transporte por vans/microônibus?";"Custos";"Vans/Microônibus";NA;NA;"0";"0";"1"
"3.3.1.K";"Impostos e Taxas - PIS (Vans/Microônibus)";"Qual o percentual de PIS incidente no serviço de transporte por vans/microônibus?";"Custos";"Vans/Microônibus";NA;NA;"0";"0";"1"
"3.3.1.L";"Impostos e Taxas - Cofins (Vans/Microônibus)";"Qual o percentual de Cofins incidente no serviço de transporte por vans/microônibus?";"Custos";"Vans/Microônibus";NA;NA;"0";"0";"1"
"3.3.1.M";"Impostos e Taxas - Alíquota Outros Impostos (Vans/Microônibus)";"Qual o percentual de outros impostos incidentes no serviço de transporte por vans/microônibus?";"Custos";"Vans/Microônibus";"1";"1";"0";"0";"1"
"3.3.1.N";"Impostos e Taxas - Outros Impostos (Vans/Microônibus)";"Quais outros impostos incidem no serviço de transporte por vans/microônibus?";"Custos";"Vans/Microônibus";"1";NA;"1";"0";"0"
"3.3.1.O";NA;"Quais os impostos incidentes no serviço de transporte por metrô?";NA;NA;"1";NA;"1";"0";"0"
"3.3.1.P";"Impostos e taxas - Alíquota ISS (Metrô)";"Qual o percentual de ISS incidente no serviço de transporte por metrô?";"Custos";"Metrô";NA;NA;"0";"0";"1"
"3.3.1.Q";"Impostos e Taxas - Taxa de Gerenciamento (Metrô)";"Qual o percentual de Taxa de Gerenciamento incidente no serviço de transporte por metrô?";"Custos";"Metrô";NA;NA;"0";"0";"1"
"3.3.1.R";"Impostos e Taxas - PIS (Metrô)";"Qual o percentual de PIS incidente no serviço de transporte por metrô?";"Custos";"Metrô";NA;NA;"0";"0";"1"
"3.3.1.S";"Impostos e Taxas - Cofins (Metrô)";"Qual o percentual de Cofins incidente no serviço de transporte por metrô?";"Custos";"Metrô";NA;NA;"0";"0";"1"
"3.3.1.T";"Impostos e Taxas - Alíquota Outros Impostos (Metrô)";"Qual o percentual de outros impostos incidentes no serviço de transporte por metrô?";"Custos";"Metrô";NA;NA;"0";"0";"1"
"3.3.1.U";"Impostos e Taxas - Outros Impostos (Metrô)";"Quais outros impostos incidem no serviço de transporte por metrô?";"Custos";"Metrô";"1";NA;"1";"0";"0"
"3.3.1.V";NA;"Quais os impostos incidentes no serviço de transporte por trem?";NA;NA;"1";NA;"1";"0";"0"
"3.3.1.W";"Impostos e taxas - Alíquota ISS (Trem)";"Qual o percentual de ISS incidente no serviço de transporte por trem?";"Custos";"Trem";NA;NA;"0";"0";"1"
"3.3.1.X";"Impostos e Taxas - Taxa de Gerenciamento (Trem)";"Qual o percentual de Taxa de Gerenciamento incidente no serviço de transporte por trem?";"Custos";"Trem";NA;NA;"0";"0";"1"
"3.3.1.Y";"Impostos e Taxas - PIS (Trem)";"Qual o percentual de PIS incidente no serviço de transporte por trem?";"Custos";"Trem";NA;NA;"0";"0";"1"
"3.3.1.Z";"Impostos e Taxas - Cofins (Trem)";"Qual o percentual de Cofins incidente no serviço de transporte por trem?";"Custos";"Trem";NA;NA;"0";"0";"1"
"3.3.1.AA";"Impostos e Taxas - Alíquota Outros Impostos (Trem)";"Qual o percentual de outros impostos incidentes no serviço de transporte por trem?";"Custos";"Trem";NA;NA;"0";"0";"1"
"3.3.1.AB";"Impostos e Taxas - Outros Impostos (Trem)";"Quais outros impostos incidem no serviço de transporte por trem?";"Custos";"Trem";"1";NA;"1";"0";"0"
"3.3.1.AC";NA;"Quais os impostos incidentes no serviço de transporte por barco?";NA;NA;"1";NA;"1";"0";"0"
"3.3.1.AD";"Impostos e taxas - Alíquota ISS (Barco)";"Qual o percentual de ISS incidente no serviço de transporte por barco?";"Custos";"Barco";NA;NA;"0";"0";"1"
"3.3.1.AE";"Impostos e Taxas - Taxa de Gerenciamento (Barco)";"Qual o percentual de Taxa de Gerenciamento incidente no serviço de transporte por barco?";"Custos";"Barco";NA;NA;"0";"0";"1"
"3.3.1.AF";"Impostos e Taxas - PIS (Barco)";"Qual o percentual de PIS incidente no serviço de transporte por barco?";"Custos";"Barco";NA;NA;"0";"0";"1"
"3.3.1.AG";"Impostos e Taxas - Cofins (Barco)";"Qual o percentual de Cofins incidente no serviço de transporte por barco?";"Custos";"Barco";NA;NA;"0";"0";"1"
"3.3.1.AH";"Impostos e Taxas - Alíquota Outros Impostos (Barco)";"Qual o percentual de outros impostos incidentes no serviço de transporte por barco?";"Custos";"Barco";NA;NA;"0";"0";"1"
"3.3.1.AI";"Impostos e Taxas - Outros Impostos (Barco)";"Quais outros impostos incidem no serviço de transporte por barco?";"Custos";"Barco";"1";NA;"1";"0";"0"
"3.3.1.AJ";NA;"Quais os impostos incidentes no serviço de transporte por VLT?";NA;NA;"1";NA;"1";"0";"0"
"3.3.1.AK";"Impostos e taxas - Alíquota ISS (VLT)";"Qual o percentual de ISS incidente no serviço de transporte por VLT?";"Custos";"VLT";NA;NA;"0";"0";"1"
"3.3.1.AL";"Impostos e Taxas - Taxa de Gerenciamento (VLT)";"Qual o percentual de Taxa de Gerenciamento incidente no serviço de transporte por VLT?";"Custos";"VLT";NA;NA;"0";"0";"1"
"3.3.1.AM";"Impostos e Taxas - PIS (VLT)";"Qual o percentual de PIS incidente no serviço de transporte por VLT?";"Custos";"VLT";NA;NA;"0";"0";"1"
"3.3.1.AN";"Impostos e Taxas - Cofins (VLT)";"Qual o percentual de Cofins incidente no serviço de transporte por VLT?";"Custos";"VLT";NA;NA;"0";"0";"1"
"3.3.1.AO";"Impostos e Taxas - Alíquota Outros Impostos (VLT)";"Qual o percentual de outros impostos incidentes no serviço de transporte por VLT?";"Custos";"VLT";NA;NA;"0";"0";"1"
"3.3.1.AP";"Impostos e Taxas - Outros Impostos (VLT)";"Quais outros impostos incidem no serviço de transporte por VLT?";"Custos";"VLT";"1";NA;"1";"0";"0"
"3.3.1.AQ";NA;"Quais os impostos incidentes no serviço de transporte por monotrilho?";NA;NA;"1";NA;"1";"0";"0"
"3.3.1.AR";"Impostos e taxas - Alíquota ISS (Monotrilho)";"Qual o percentual de ISS incidente no serviço de transporte por monotrilho?";"Custos";"Monotrilho";NA;NA;"0";"0";"1"
"3.3.1.AS";"Impostos e Taxas - Taxa de Gerenciamento (Monotrilho)";"Qual o percentual de Taxa de Gerenciamento incidente no serviço de transporte por monotrilho?";"Custos";"Monotrilho";NA;NA;"0";"0";"1"
"3.3.1.AT";"Impostos e Taxas - PIS (Monotrilho)";"Qual o percentual de PIS incidente no serviço de transporte por monotrilho?";"Custos";"Monotrilho";NA;NA;"0";"0";"1"
"3.3.1.AU";"Impostos e Taxas - Cofins (Monotrilho)";"Qual o percentual de Cofins incidente no serviço de transporte por monotrilho?";"Custos";"Monotrilho";NA;NA;"0";"0";"1"
"3.3.1.AV";"Impostos e Taxas - Alíquota Outros Impostos (Monotrilho)";"Qual o percentual de outros impostos incidentes no serviço de transporte por monotrilho?";"Custos";"Monotrilho";NA;NA;"0";"0";"1"
"3.3.1.AW";"Impostos e Taxas - Outros Impostos (Monotrilho)";"Quais outros impostos incidem no serviço de transporte por monotrilho?";"Custos";"Monotrilho";"1";NA;"1";"0";"0"
"3.3.1.AX";NA;"Quais os impostos incidentes no serviço de transporte por aeromóvel?";NA;NA;"1";NA;"1";"0";"0"
"3.3.1.AY";"Impostos e taxas - Alíquota ISS (Aeromóvel)";"Qual o percentual de ISS incidente no serviço de transporte por aeromóvel?";"Custos";"Aeromóvel";NA;NA;"0";"0";"1"
"3.3.1.AZ";"Impostos e Taxas - Taxa de Gerenciamento (Aeromóvel)";"Qual o percentual de Taxa de Gerenciamento incidente no serviço de transporte por aeromóvel?";"Custos";"Aeromóvel";NA;NA;"0";"0";"1"
"3.3.1.BA";"Impostos e Taxas - PIS (Aeromóvel)";"Qual o percentual de PIS incidente no serviço de transporte por aeromóvel?";"Custos";"Aeromóvel";NA;NA;"0";"0";"1"
"3.3.1.BC";"Impostos e Taxas - Cofins (Aeromóvel)";"Qual o percentual de Cofins incidente no serviço de transporte por aeromóvel?";"Custos";"Aeromóvel";NA;NA;"0";"0";"1"
"3.3.1.BD";"Impostos e Taxas - Alíquota Outros Impostos (Aeromóvel)";"Qual o percentual de outros impostos incidentes no serviço de transporte por aeromóvel?";"Custos";"Aeromóvel";NA;NA;"0";"0";"1"
"3.3.1.BE";"Impostos e Taxas - Outros Impostos (Aeromóvel)";"Quais outros impostos incidem no serviço de transporte por aeromóvel?";"Custos";"Aeromóvel";"1";NA;"1";"0";"0"
"3.4.1.A";"Passageiros de Ônibus (Comum)";"Qual o número de passageiros comuns transportados no serviço de transporte por ônibus no ano?";"Demanda";"Ônibus";"1";"1";"1";"0";"0"
"3.4.1.B";"Passageiros de Ônibus (Vale Transporte)";"Qual o número de passageiros transportados com Vale Transporte no serviço de transporte por ônibus no ano?";"Demanda";"Ônibus";"1";"1";"1";"0";"0"
"3.4.1.C";"Passageiros de Ônibus (Estudante)";"Qual o número de estudantes transportados no serviço de transporte por ônibus no ano?";"Demanda";"Ônibus";"1";"1";"1";"0";"0"
"3.4.1.D";"Passageiros de Ônibus (Integração)";"Qual o número de passageiros transportados com integração tarifária no serviço de transporte por ônibus no ano?";"Demanda";"Ônibus";"1";"1";"1";"0";"0"
"3.4.1.E";"Passageiros de Ônibus (Gratuidade)";"Qual o número de gratuidades no serviço de transporte por ônibus no ano?";"Demanda";"Ônibus";"1";"1";"1";"0";"0"
"3.4.1.F";"Passageiros de Ônibus (Equivalentes)";"Qual o número de passageiros equivalentes transportados no serviço de transporte por ônibus no ano?";"Demanda";"Ônibus";"1";"1";"1";"0";"0"
"3.4.1.G";"Passageiros de Vans/Microônibus (Comum)";"Qual o número de passageiros comuns transportados no serviço de transporte por vans/microônibus no ano?";"Demanda";"Vans/Microônibus";"1";"1";"1";"0";"0"
"3.4.1.H";"Passageiros de Vans/Microônibus (Vale Transporte)";"Qual o número de passageiros transportados com Vale Transporte no serviço de transporte por vans/microônibus no ano?";"Demanda";"Vans/Microônibus";"1";"1";"1";"0";"0"
"3.4.1.I";"Passageiros de Vans/Microônibus (Estudante)";"Qual o número de estudantes transportados no serviço de transporte por vans/microônibus no ano?";"Demanda";"Vans/Microônibus";"1";"1";"1";"0";"0"
"3.4.1.J";"Passageiros de Vans/Microônibus (Integração)";"Qual o número de passageiros transportados com integração tarifária no serviço de transporte por vans/microônibus no ano?";"Demanda";"Vans/Microônibus";"1";"1";"1";"0";"0"
"3.4.1.K";"Passageiros de Vans/Microônibus (Gratuidade)";"Qual o número de gratuidades no serviço de transporte por vans/microônibus no ano?";"Demanda";"Vans/Microônibus";"1";"1";"1";"0";"0"
"3.4.1.L";"Passageiros de Vans/Microônibus (Equivalentes)";"Qual o número de passageiros equivalentes transportados no serviço de transporte por vans/microônibus no ano?";"Demanda";"Vans/Microônibus";"1";"1";"1";"0";"0"
"3.4.1.M";"Passageiros de Metrô (Comum)";"Qual o número de passageiros comuns transportados no serviço de transporte por metrô no ano?";"Demanda";"Metrô";"1";NA;"1";"0";"0"
"3.4.1.N";"Passageiros de Metrô (Vale Transporte)";"Qual o número de passageiros transportados com Vale Transporte no serviço de transporte por metrô no ano?";"Demanda";"Metrô";"1";NA;"1";"0";"0"
"3.4.1.O";"Passageiros de Metrô (Estudante)";"Qual o número de estudantes transportados no serviço de transporte por metrô no ano?";"Demanda";"Metrô";"1";NA;"1";"0";"0"
"3.4.1.P";"Passageiros de Metrô (Integração)";"Qual o número de passageiros transportados com integração tarifária no serviço de transporte por metrô no ano?";"Demanda";"Metrô";"1";NA;"1";"0";"0"
"3.4.1.Q";"Passageiros de Metrô (Gratuidade)";"Qual o número de gratuidades no serviço de transporte por metrô no ano?";"Demanda";"Metrô";"1";NA;"1";"0";"0"
"3.4.1.R";"Passageiros de Metrô (Equivalentes)";"Qual o número de passageiros equivalentes transportados no serviço de transporte por metrô no ano?";"Demanda";"Metrô";"1";NA;"1";"0";"0"
"3.4.1.S";"Passageiros de Trem (Comum)";"Qual o número de passageiros comuns transportados no serviço de transporte por trem no ano?";"Demanda";"Trem";"1";NA;"1";"0";"0"
"3.4.1.T";"Passageiros de Trem (Vale Transporte)";"Qual o número de passageiros transportados com Vale Transporte no serviço de transporte por trem no ano?";"Demanda";"Trem";"1";NA;"1";"0";"0"
"3.4.1.U";"Passageiros de Trem (Estudante)";"Qual o número de estudantes transportados no serviço de transporte por trem no ano?";"Demanda";"Trem";"1";NA;"1";"0";"0"
"3.4.1.V";"Passageiros de Trem (Integração)";"Qual o número de passageiros transportados com integração tarifária no serviço de transporte por trem no ano?";"Demanda";"Trem";"1";NA;"1";"0";"0"
"3.4.1.W";"Passageiros de Trem (Gratuidade)";"Qual o número de gratuidades no serviço de transporte por trem no ano?";"Demanda";"Trem";"1";NA;"1";"0";"0"
"3.4.1.X";"Passageiros de Trem (Equivalentes)";"Qual o número de passageiros equivalentes transportados no serviço de transporte por trem no ano?";"Demanda";"Trem";"1";NA;"1";"0";"0"
"3.4.1.Y";"Passageiros de Barco (Comum)";"Qual o número de passageiros comuns transportados no serviço de transporte por barco no ano?";"Demanda";"Barco";"1";"1";"1";"0";"0"
"3.4.1.Z";"Passageiros de Barco (Vale Transporte)";"Qual o número de passageiros transportados com Vale Transporte no serviço de transporte por barco no ano?";"Demanda";"Barco";"1";NA;"1";"0";"0"
"3.4.1.AA";"Passageiros de Barco (Estudante)";"Qual o número de estudantes transportados no serviço de transporte por barco no ano?";"Demanda";"Barco";"1";NA;"1";"0";"0"
"3.4.1.AB";"Passageiros de Barco (Integração)";"Qual o número de passageiros transportados com integração tarifária no serviço de transporte por barco no ano?";"Demanda";"Barco";"1";NA;"1";"0";"0"
"3.4.1.AC";"Passageiros de Barco (Gratuidade)";"Qual o número de gratuidades no serviço de transporte por barco no ano?";"Demanda";"Barco";"1";NA;"1";"0";"0"
"3.4.1.AD";"Passageiros de Barco (Equivalentes)";"Qual o número de passageiros equivalentes transportados no serviço de transporte por barco no ano?";"Demanda";"Barco";"1";NA;"1";"0";"0"
"3.4.1.AE";"Passageiros de VLT (Comum)";"Qual o número de passageiros comuns transportados no serviço de transporte por VLT no ano?";"Demanda";"VLT";"1";NA;"1";"0";"0"
"3.4.1.AF";"Passageiros de VLT (Vale Transporte)";"Qual o número de passageiros transportados com Vale Transporte no serviço de transporte por VLT no ano?";"Demanda";"VLT";"1";NA;"1";"0";"0"
"3.4.1.AG";"Passageiros de VLT (Estudante)";"Qual o número de estudantes transportados no serviço de transporte por VLT no ano?";"Demanda";"VLT";"1";NA;"1";"0";"0"
"3.4.1.AH";"Passageiros de VLT (Integração)";"Qual o número de passageiros transportados com integração tarifária no serviço de transporte por VLT no ano?";"Demanda";"VLT";"1";NA;"1";"0";"0"
"3.4.1.AI";"Passageiros de VLT (Gratuidade)";"Qual o número de gratuidades no serviço de transporte por VLT no ano?";"Demanda";"VLT";"1";NA;"1";"0";"0"
"3.4.1.AJ";"Passageiros de VLT (Equivalentes)";"Qual o número de passageiros equivalentes transportados no serviço de transporte por VLT no ano?";"Demanda";"VLT";"1";NA;"1";"0";"0"
"3.4.1.AK";"Passageiros de Monotrilho (Comum)";"Qual o número de passageiros comuns transportados no serviço de transporte por monotrilho no ano?";"Demanda";"Monotrilho";"1";NA;"1";"0";"0"
"3.4.1.AL";"Passageiros de Monotrilho (Vale Transporte)";"Qual o número de passageiros transportados com Vale Transporte no serviço de transporte por monotrilho no ano?";"Demanda";"Monotrilho";"1";NA;"1";"0";"0"
"3.4.1.AM";"Passageiros de Monotrilho (Estudante)";"Qual o número de estudantes transportados no serviço de transporte por monotrilho no ano?";"Demanda";"Monotrilho";"1";NA;"1";"0";"0"
"3.4.1.AN";"Passageiros de Monotrilho (Integração)";"Qual o número de passageiros transportados com integração tarifária no serviço de transporte por monotrilho no ano?";"Demanda";"Monotrilho";"1";NA;"1";"0";"0"
"3.4.1.AO";"Passageiros de Monotrilho (Gratuidade)";"Qual o número de gratuidades no serviço de transporte por monotrilho no ano?";"Demanda";"Monotrilho";"1";NA;"1";"0";"0"
"3.4.1.AP";"Passageiros de Monotrilho (Equivalentes)";"Qual o número de passageiros equivalentes transportados no serviço de transporte por monotrilho no ano?";"Demanda";"Monotrilho";"1";NA;"1";"0";"0"
"3.4.1.AQ";"Passageiros de Aeromóvel (Comum)";"Qual o número de passageiros comuns transportados no serviço de transporte por aeromóvel no ano?";"Demanda";"Aeromóvel";"1";NA;"1";"0";"0"
"3.4.1.AR";"Passageiros de Aeromóvel (Vale Transporte)";"Qual o número de passageiros transportados com Vale Transporte no serviço de transporte por aeromóvel no ano?";"Demanda";"Aeromóvel";"1";NA;"1";"0";"0"
"3.4.1.AS";"Passageiros de Aeromóvel (Estudante)";"Qual o número de estudantes transportados no serviço de transporte por aeromóvel no ano?";"Demanda";"Aeromóvel";"1";NA;"1";"0";"0"
"3.4.1.AT";"Passageiros de Aeromóvel (Integração)";"Qual o número de passageiros transportados com integração tarifária no serviço de transporte por aeromóvel no ano?";"Demanda";"Aeromóvel";"1";NA;"1";"0";"0"
"3.4.1.AU";"Passageiros de Aeromóvel (Gratuidade)";"Qual o número de gratuidades no serviço de transporte por aeromóvel no ano?";"Demanda";"Aeromóvel";"1";NA;"1";"0";"0"
"3.4.1.AV";"Passageiros de Aeromóvel (Equivalentes)";"Qual o número de passageiros equivalentes transportados no serviço de transporte por aeromóvel no ano?";"Demanda";"Aeromóvel";"1";NA;"1";"0";"0"
"3.5.1";"Categorias Desconto";"Quais categorias de passageiros recebem desconto no valor da tarifa do serviço de transporte público no município?";"Tarifa";NA;"0";"0";"0";"0";"0"
"3.5.1.A";"Baixa Renda - Percentual de Desconto";"Qual o percentual de desconto sobre a valor da tarifa pago pelos passageiros de baixa renda?";"Tarifa";"Subsídios";"1";"0";"0";"0";"1"
"3.5.1.AA";"Baixa Renda - Classificação";"Qual a renda máxima das pessoas de baixa renda que recebem desconto na no valor da tarifa? (Em salários mínimos)";"Tarifa";NA;"0";"0";"1";"0";"0"
"3.5.1.B";"Idosos - Tarifa Paga";"Qual o percentual de desconto sobre a valor da tarifa pago pelos passageiros com idade de 60 a 64 anos?";"Tarifa";"Subsídios";"1";"0";"0";"0";"1"
"3.5.1.C";"Deficientes - Tarifa Paga";"Qual o percentual de desconto sobre a valor da tarifa pago pelos passageiros com deficiência e mobilidade reduzida?";"Tarifa";"Subsídios";"1";"0";"0";"0";"1"
"3.5.1.D";"Estudantes de Rede Pública - Percentual de Desconto";"Qual o percentual de desconto sobre a valor da tarifa pago pelos estudantes da rede pública de ensino?";"Tarifa";"Subsídios";"1";"0";"0";"0";"1"
"3.5.1.E";"Estudantes de Rede Privada - Percentual de Desconto";"Qual o percentual de desconto sobre a valor da tarifa pago pelos estudantes da rede privada de ensino?";"Tarifa";"Subsídios";"1";"0";"0";"0";"1"
"3.6.1.A";"Táxi - Valor da Bandeirada";"Qual o valor da Bandeirada do transporte público individual (táxi) no município?";"Tarifa";"Táxi";"1";"1";"1";"0";"0"
"3.6.1.B";"Táxi - Valor da Bandeirada 1";"Qual o valor da Bandeirada 1 do serviço de táxi, por quilômetro rodado, se houver?";"Tarifa";"Táxi";"0";"0";"1";"0";"0"
"3.6.1.C";"Táxi - Valor da Bandeirada 2";"Qual o valor da Bandeirada 2 do serviço de táxi, por quilômetro rodado, se houver?";"Tarifa";"Táxi";"0";"0";"1";"0";"0"
"3.6.1.D";"Táxi - Valor Hora Parada";"Qual o valor do serviço de táxi, por hora parada, se houver?";"Tarifa";"Táxi";"1";"1";"1";"0";"0"
"3.6.1.E";"Táxi - Valor Tarifa Aeroporto";"Qual o valor da tarifa aeroporto do serviço de táxi, se houver?";"Tarifa";"Táxi";"1";"1";"1";"0";"0"
"3.6.1.F";"Táxi - Valor da Bandeirada";"Qual o valor da Bandeirada do serviço de mototáxi no município, se houver?";"Tarifa";"Mototáxi";"1";"1";"1";"0";"0"
"3.6.1.G";"Táxi - Valor da Bandeirada 1";"Qual o valor da Bandeirada 1 do serviço de mototáxi, por quilômetro rodado, se houver?";"Tarifa";"Mototáxi";"0";NA;"1";"0";"0"
"3.6.1.H";"Táxi - Valor da Bandeirada 2";"Qual o valor da Bandeirada 2 do serviço de mototáxi, por quilômetro rodado, se houver?";"Tarifa";"Mototáxi";"0";NA;"1";"0";"0"
"3.6.1.I";"Táxi - Valor Hora Parada";"Qual o valor do serviço de mototáxi, por hora parada, se houver?";"Tarifa";"Mototáxi";"1";NA;"1";"0";"0"
"3.6.1.J";"Táxi - Valor Tarifa Aeroporto";"Qual o valor da tarifa aeroporto do serviço de mototáxi, se houver?";"Tarifa";"Mototáxi";"1";NA;"1";"0";"0"
"3.7.1";NA;"É utilizada planilha de custos para reajuste ou revisão da tarifa do serviço de ônibus no município?";NA;NA;"0";"0";"0";"0";"0"
"3.7.1.A";"Custos (Ônibus) - Operação (Ônibus)";"Mão de obra 1 (operação) diz respeito a qual percentual da planilha de custos do serviço por ônibus?";"Custos";"Ônibus";"1";"1";"0";"0";"1"
"3.7.1.B";"Custos (Ônibus) - Administrativo (Ônibus)";"Mão de obra 2 (administrativo) diz respeito a qual percentual da planilha de custos do serviço por ônibus?";"Custos";"Ônibus";"1";"1";"0";"0";"1"
"3.7.1.C";"Custos (Ônibus) - Combustível (Ônibus)";"Combustíveis dizem respeito a qual percentual da planilha de custos do serviço por ônibus?";"Custos";"Ônibus";"1";"1";"0";"0";"1"
"3.7.1.D";"Custos (Ônibus) - Depreciação (Ônibus)";"Depreciação de veículos diz respeito a qual percentual da planilha de custos do serviço por ônibus?";"Custos";"Ônibus";"1";"1";"0";"0";"1"
"3.7.1.E";"Custos (Ônibus) - Remuneração pelo Serviço Prestado (Ônibus)";"Remuneração pela prestação do serviço diz respeito a qual percentual da planilha de custos do serviço por ônibus?";"Custos";"Ônibus";"1";"1";"0";"0";"1"
"3.7.1.F";"Custos (Ônibus) - Peças, acessórios e material de rodagem (Ônibus)";"Peças, acessórios e material de rodagem dizem respeito a qual percentual da planilha de custos do serviço por ônibus?";"Custos";"Ônibus";"1";"1";"0";"0";"1"
"3.7.1.G";"Custos (Ônibus) - Impostos e Tributação (Ônibus)";"Impostos e tributação dizem respeito a qual percentual da planilha de custos do serviço por ônibus?";"Custos";"Ônibus";"1";"1";"0";"0";"1"
"3.7.1.H";"Custos (Ônibus) - Despesas Administrativas (Ônibus)";"Despesas administrativas dizem respeito a qual percentual da planilha de custos do serviço por ônibus?";"Custos";"Ônibus";"1";"1";"0";"0";"1"
"3.7.1.I";"Custos (Ônibus) - Outros insumos (Ônibus)";"Outros insumos dizem respeito a qual percentual da planilha de custos do serviço por ônibus?";"Custos";"Ônibus";"1";"1";"0";"0";"1"
"3.7.1.J";"Outros insumos detalhamento (Ônibus)";"Se houver outros insumos, especificar:";"missing";"Ônibus";"0";"1";"1";"0";"0"
"3.7.2";NA;"É utilizada planilha de custos para reajuste ou revisão da tarifa do serviço de vans/microônibus no município?";NA;NA;"0";"0";"0";"0";"0"
"3.7.2.A";"Custos (Vans/Microônibus) - Operação (Ônibus)";"Mão de obra 1 (operação) diz respeito a qual percentual da planilha de custos do serviço por vans/microônibus?";"Custos";"Vans/Microônibus";NA;NA;"0";"0";"1"
"3.7.2.B";"Custos (Vans/Microônibus) - Administrativo (Ônibus)";"Mão de obra 2 (administrativo) diz respeito a qual percentual da planilha de custos do serviço por vans/microônibus?";"Custos";"Vans/Microônibus";NA;NA;"0";"0";"1"
"3.7.2.C";"Custos (Vans/Microônibus) - Combustível (Ônibus)";"Combustíveis dizem respeito a qual percentual da planilha de custos do serviço por vans/microônibus?";"Custos";"Vans/Microônibus";NA;NA;"0";"0";"1"
"3.7.2.D";"Custos (Vans/Microônibus) - Depreciação (Ônibus)";"Depreciação de veículos diz respeito a qual percentual da planilha de custos do serviço por vans/microônibus?";"Custos";"Vans/Microônibus";NA;NA;"0";"0";"1"
"3.7.2.E";"Custos (Vans/Microônibus) - Remuneração pelo Serviço Prestado (Ônibus)";"Remuneração pela prestação do serviço diz respeito a qual percentual da planilha de custos do serviço por microônibus?";"Custos";"Vans/Microônibus";NA;NA;"0";"0";"1"
"3.7.2.F";"Custos (Vans/Microônibus) - Peças, acessórios e material de rodagem (Ônibus)";"Peças, acessórios e material de rodagem dizem respeito a qual percentual da planilha de custos do serviço por van/microônibus?";"Custos";"Vans/Microônibus";NA;NA;"0";"0";"1"
"3.7.2.G";"Custos (Vans/Microônibus) - Impostos e Tributação (Ônibus)";"Impostos e tributação dizem respeito a qual percentual da planilha de custos do serviço por vans/microônibus?";"Custos";"Vans/Microônibus";NA;NA;"0";"0";"1"
"3.7.2.H";"Custos (Vans/Microônibus) - Despesas Administrativas (Ônibus)";"Despesas administrativas dizem respeito a qual percentual da planilha de custos do serviço por vans/microônibus?";"Custos";"Vans/Microônibus";NA;NA;"0";"0";"1"
"3.7.2.I";"Custos (Vans/Microônibus) - Outros insumos (Ônibus)";"Outros insumos dizem respeito a qual percentual da planilha de custos do serviço por vans/microônibus?";"Custos";"Vans/Microônibus";NA;NA;"0";"0";"1"
"3.7.3";NA;"É utilizada planilha de custos para reajuste ou revisão da tarifa do serviço de metrô no município?";NA;NA;"0";"0";"0";"0";"0"
"3.7.3.A";"Custos (Metrô) - Operação (Ônibus)";"Mão de obra 1 (operação) diz respeito a qual percentual da planilha de custos do serviço por metrô?";"Custos";"Metrô";NA;NA;"0";"0";"1"
"3.7.3.B";"Custos (Metrô) - Administrativo (Ônibus)";"Mão de obra 2 (administrativo) diz respeito a qual percentual da planilha de custos do serviço por metrô?";"Custos";"Metrô";NA;NA;"0";"0";"1"
"3.7.3.C";"Custos (Metrô) - Combustível (Ônibus)";"Combustíveis dizem respeito a qual percentual da planilha de custos do serviço por metrô?";"Custos";"Metrô";NA;NA;"0";"0";"1"
"3.7.3.D";"Custos (Metrô) - Depreciação (Ônibus)";"Depreciação de veículos diz respeito a qual percentual da planilha de custos do serviço por metrô?";"Custos";"Metrô";NA;NA;"0";"0";"1"
"3.7.3.E";"Custos (Metrô) - Remuneração pelo Serviço Prestado (Ônibus)";"Remuneração pela prestação do serviço diz respeito a qual percentual da planilha de custos do serviço por metrô?";"Custos";"Metrô";NA;NA;"0";"0";"1"
"3.7.3.F";"Custos (Metrô) - Peças, acessórios e material de rodagem (Ônibus)";"Peças, acessórios e material de rodagem dizem respeito a qual percentual da planilha de custos do serviço por metrô?";"Custos";"Metrô";NA;NA;"0";"0";"1"
"3.7.3.G";"Custos (Metrô) - Impostos e Tributação (Ônibus)";"Impostos e tributação dizem respeito a qual percentual da planilha de custos do serviço por metrô?";"Custos";"Metrô";NA;NA;"0";"0";"1"
"3.7.3.H";"Custos (Metrô) - Despesas Administrativas (Ônibus)";"Despesas administrativas dizem respeito a qual percentual da planilha de custos do serviço por metrô?";"Custos";"Metrô";NA;NA;"0";"0";"1"
"3.7.3.I";"Custos (Metrô) - Energia (Ônibus)";"Energia diz respeito a qual percentual da planilha de custos do serviço por metrô?";"Custos";"Metrô";NA;NA;"0";"0";"1"
"3.7.3.J";"Custos (Metrô) - IPTU (Ônibus)";"IPTU diz respeito a qual percentual da planilha de custos do serviço por metrô?";"Custos";"Metrô";NA;NA;"0";"0";"1"
"3.7.3.K";"Custos (Metrô) - Outros insumos (Ônibus)";"Outros insumos dizem respeito a qual percentual da planilha de custos do serviço por metrô?";"Custos";"Metrô";NA;NA;"0";"0";"1"
"3.7.4";NA;"É utilizada planilha de custos para reajuste ou revisão da tarifa do serviço de trem no município?";NA;NA;"1";"1";"0";"0";"0"
"3.7.4.A";"Custos (Trem) - Operação (Ônibus)";"Mão de obra 1 (operação) diz respeito a qual percentual da planilha de custos do serviço por trem?";"Custos";"Trem";NA;NA;"0";"0";"1"
"3.7.4.B";"Custos (Trem) - Administrativo (Ônibus)";"Mão de obra 2 (administrativo) diz respeito a qual percentual da planilha de custos do serviço por trem?";"Custos";"Trem";NA;NA;"0";"0";"1"
"3.7.4.C";"Custos (Trem) - Combustível (Ônibus)";"Combustíveis dizem respeito a qual percentual da planilha de custos do serviço por trem?";"Custos";"Trem";NA;NA;"0";"0";"1"
"3.7.4.D";"Custos (Trem) - Depreciação (Ônibus)";"Depreciação de veículos diz respeito a qual percentual da planilha de custos do serviço por trem?";"Custos";"Trem";NA;NA;"0";"0";"1"
"3.7.4.E";"Custos (Trem) - Remuneração pelo Serviço Prestado (Ônibus)";"Remuneração pela prestação do serviço diz respeito a qual percentual da planilha de custos do serviço por trem?";"Custos";"Trem";NA;NA;"0";"0";"1"
"3.7.4.F";"Custos (Trem) - Peças, acessórios e material de rodagem (Ônibus)";"Peças, acessórios e material de rodagem dizem respeito a qual percentual da planilha de custos do serviço por trem?";"Custos";"Trem";NA;NA;"0";"0";"1"
"3.7.4.G";"Custos (Trem) - Impostos e Tributação (Ônibus)";"Impostos e tributação dizem respeito a qual percentual da planilha de custos do serviço por trem?";"Custos";"Trem";NA;NA;"0";"0";"1"
"3.7.4.H";"Custos (Trem) - Despesas Administrativas (Ônibus)";"Despesas administrativas dizem respeito a qual percentual da planilha de custos do serviço por trem?";"Custos";"Trem";NA;NA;"0";"0";"1"
"3.7.4.I";"Custos (Trem) - Energia (Ônibus)";"Energia diz respeito a qual percentual da planilha de custos do serviço por trem?";"Custos";"Trem";NA;NA;"0";"0";"1"
"3.7.4.J";"Custos (Trem) - IPTU (Ônibus)";"IPTU diz respeito a qual percentual da planilha de custos do serviço por trem?";"Custos";"Trem";NA;NA;"0";"0";"1"
"3.7.4.K";"Custos (Trem) - Outros insumos (Ônibus)";"Outros insumos dizem respeito a qual percentual da planilha de custos do serviço por trem?";"Custos";"Trem";NA;NA;"0";"0";"1"
"3.7.5";NA;"É utilizada planilha de custos para reajuste ou revisão da tarifa do serviço de barco no município?";NA;NA;"0";"0";"0";"0";"0"
"3.7.5.A";"Custos (Barco) - Operação (Ônibus)";"Mão de obra 1 (operação) diz respeito a qual percentual da planilha de custos do serviço por barco?";"Custos";"Barco";NA;NA;"0";"0";"1"
"3.7.5.B";"Custos (Barco) - Administrativo (Ônibus)";"Mão de obra 2 (administrativo) diz respeito a qual percentual da planilha de custos do serviço por barco?";"Custos";"Barco";NA;NA;"0";"0";"1"
"3.7.5.C";"Custos (Barco) - Combustível (Ônibus)";"Combustíveis dizem respeito a qual percentual da planilha de custos do serviço por barco?";"Custos";"Barco";NA;NA;"0";"0";"1"
"3.7.5.D";"Custos (Barco) - Depreciação (Ônibus)";"Depreciação de equipamentos diz respeito a qual percentual da planilha de custos do serviço por barco?";"Custos";"Barco";NA;NA;"0";"0";"1"
"3.7.5.E";"Custos (Barco) - Remuneração pelo Serviço Prestado (Ônibus)";"Remuneração pela prestação do serviço diz respeito a qual percentual da planilha de custos do serviço por barco?";"Custos";"Barco";NA;NA;"0";"0";"1"
"3.7.5.F";"Custos (Barco) - Peças, acessórios e material de rodagem (Ônibus)";"Peças, acessórios e material de rodagem dizem respeito a qual percentual da planilha de custos do serviço por barco?";"Custos";"Barco";NA;NA;"0";"0";"1"
"3.7.5.G";"Custos (Barco) - Impostos e Tributação (Ônibus)";"Impostos dizem respeito a qual percentual da planilha de custos do serviço por barco?";"Custos";"Barco";NA;NA;"0";"0";"1"
"3.7.5.H";"Custos (Barco) - Despesas Administrativas (Ônibus)";"Despesas administrativas dizem respeito a qual percentual da planilha de custos do serviço por barco?";"Custos";"Barco";NA;NA;"0";"0";"1"
"3.7.5.I";"Custos (Barco) - Outros insumos (Ônibus)";"Outros insumos dizem respeito a qual percentual da planilha de custos do serviço por barco?";"Custos";"Barco";NA;NA;"0";"0";"1"
"3.7.6";NA;"É utilizada planilha de custos para reajuste ou revisão da tarifa do serviço de VLT no município?";NA;NA;"0";"0";"0";"0";"0"
"3.7.6.A";"Custos (VLT) - Operação (Ônibus)";"Mão de obra 1 (operação) diz respeito a qual percentual da planilha de custos do serviço por VLT?";"Custos";"VLT";NA;NA;"0";"0";"1"
"3.7.6.B";"Custos (VLT) - Administrativo (Ônibus)";"Mão de obra 2 (administrativo) diz respeito a qual percentual da planilha de custos do serviço por VLT?";"Custos";"VLT";NA;NA;"0";"0";"1"
"3.7.6.C";"Custos (VLT) - Combustível (Ônibus)";"Combustíveis dizem respeito a qual percentual da planilha de custos do serviço por VLT?";"Custos";"VLT";NA;NA;"0";"0";"1"
"3.7.6.D";"Custos (VLT) - Depreciação (Ônibus)";"Depreciação de veículos diz respeito a qual percentual da planilha de custos do serviço por VLT?";"Custos";"VLT";NA;NA;"0";"0";"1"
"3.7.6.E";"Custos (VLT) - Remuneração pelo Serviço Prestado (Ônibus)";"Remuneração pela prestação do serviço diz respeito a qual percentual da planilha de custos do serviço por VLT?";"Custos";"VLT";NA;NA;"0";"0";"1"
"3.7.6.F";"Custos (VLT) - Peças, acessórios e material de rodagem (Ônibus)";"Peças, acessórios e material de rodagem dizem respeito a qual percentual da planilha de custos do serviço por VLT?";"Custos";"VLT";NA;NA;"0";"0";"1"
"3.7.6.G";"Custos (VLT) - Impostos e Tributação (Ônibus)";"Impostos e tributação dizem respeito a qual percentual da planilha de custos do serviço por VLT?";"Custos";"VLT";NA;NA;"0";"0";"1"
"3.7.6.H";"Custos (VLT) - Despesas Administrativas (Ônibus)";"Despesas administrativas dizem respeito a qual percentual da planilha de custos do serviço por VLT?";"Custos";"VLT";NA;NA;"0";"0";"1"
"3.7.6.I";"Custos (VLT) - Energia (Ônibus)";"Energia diz respeito a qual percentual da planilha de custos do serviço por VLT?";"Custos";"VLT";NA;NA;"0";"0";"1"
"3.7.6.J";"Custos (VLT) - IPTU (Ônibus)";"IPTU diz respeito a qual percentual da planilha de custos do serviço por VLT?";"Custos";"VLT";NA;NA;"0";"0";"1"
"3.7.6.K";"Custos (VLT) - Outros insumos (Ônibus)";"Outros insumos dizem respeito a qual percentual da planilha de custos do serviço por VLT?";"Custos";"VLT";NA;NA;"0";"0";"1"
"3.7.7";NA;"É utilizada planilha de custos para reajuste ou revisão da tarifa do serviço de monotrilho no município?";NA;NA;"0";NA;"0";"0";"0"
"3.7.7.A";"Custos (Monotrilho) - Operação (Ônibus)";"Mão de obra 1 (operação) diz respeito a qual percentual da planilha de custos do serviço por monotrilho?";"Custos";"Monotrilho";NA;NA;"0";"0";"1"
"3.7.7.B";"Custos (Monotrilho) - Administrativo (Ônibus)";"Mão de obra 2 (administrativo) diz respeito a qual percentual da planilha de custos do serviço por monotrilho?";"Custos";"Monotrilho";NA;NA;"0";"0";"1"
"3.7.7.C";"Custos (Monotrilho) - Combustível (Ônibus)";"Combustíveis dizem respeito a qual percentual da planilha de custos do serviço por monotrilho?";"Custos";"Monotrilho";NA;NA;"0";"0";"1"
"3.7.7.D";"Custos (Monotrilho) - Depreciação (Ônibus)";"Depreciação de veículos diz respeito a qual percentual da planilha de custos do serviço por monotrilho?";"Custos";"Monotrilho";NA;NA;"0";"0";"1"
"3.7.7.E";"Custos (Monotrilho) - Remuneração pelo Serviço Prestado (Ônibus)";"Remuneração pela prestação do serviço diz respeito a qual percentual da planilha de custos do serviço por monotrilho?";"Custos";"Monotrilho";NA;NA;"0";"0";"1"
"3.7.7.F";"Custos (Monotrilho) - Peças, acessórios e material de rodagem (Ônibus)";"Peças, acessórios e material de rodagem dizem respeito a qual percentual da planilha de custos do serviço por monotrilho?";"Custos";"Monotrilho";NA;NA;"0";"0";"1"
"3.7.7.G";"Custos (Monotrilho) - Impostos e Tributação (Ônibus)";"Impostos e tributação dizem respeito a qual percentual da planilha de custos do serviço por monotrilho?";"Custos";"Monotrilho";NA;NA;"0";"0";"1"
"3.7.7.H";"Custos (Monotrilho) - Despesas Administrativas (Ônibus)";"Despesas administrativas dizem respeito a qual percentual da planilha de custos do serviço por monotrilho?";"Custos";"Monotrilho";NA;NA;"0";"0";"1"
"3.7.7.I";"Custos (Monotrilho) - Energia (Ônibus)";"Energia diz respeito a qual percentual da planilha de custos do serviço por monotrilho?";"Custos";"Monotrilho";NA;NA;"0";"0";"1"
"3.7.7.J";"Custos (Monotrilho) - IPTU (Ônibus)";"IPTU diz respeito a qual percentual da planilha de custos do serviço por monotrilho?";"Custos";"Monotrilho";NA;NA;"0";"0";"1"
"3.7.7.K";"Custos (Monotrilho) - Outros insumos (Ônibus)";"Outros insumos dizem respeito a qual percentual da planilha de custos do serviço por monotrilho?";"Custos";"Monotrilho";NA;NA;"0";"0";"1"
"3.7.8";NA;"É utilizada planilha de custos para reajuste ou revisão da tarifa do serviço de aeromóvel no município?";NA;NA;"0";NA;"0";"0";"0"
"3.7.8.A";"Custos (Aeromóvel) - Operação (Ônibus)";"Mão de obra 1 (operação) diz respeito a qual percentual da planilha de custos do serviço por aeromóvel?";"Custos";"Aeromóvel";NA;NA;"0";"0";"1"
"3.7.8.B";"Custos (Aeromóvel) - Administrativo (Ônibus)";"Mão de obra 2 (administrativo) diz respeito a qual percentual da planilha de custos do serviço por aeromóvel?";"Custos";"Aeromóvel";NA;NA;"0";"0";"1"
"3.7.8.C";"Custos (Aeromóvel) - Combustível (Ônibus)";"Combustíveis dizem respeito a qual percentual da planilha de custos do serviço por aeromóvel?";"Custos";"Aeromóvel";NA;NA;"0";"0";"1"
"3.7.8.D";"Custos (Aeromóvel) - Depreciação (Ônibus)";"Depreciação de veículos diz respeito a qual percentual da planilha de custos do serviço por aeromóvel?";"Custos";"Aeromóvel";NA;NA;"0";"0";"1"
"3.7.8.E";"Custos (Aeromóvel) - Remuneração pelo Serviço Prestado (Ônibus)";"Remuneração pela prestação do serviço diz respeito a qual percentual da planilha de custos do serviço por aeromóvel?";"Custos";"Aeromóvel";NA;NA;"0";"0";"1"
"3.7.8.F";"Custos (Aeromóvel) - Peças, acessórios e material de rodagem (Ônibus)";"Peças, acessórios e material de rodagem dizem respeito a qual percentual da planilha de custos do serviço por aeromóvel?";"Custos";"Aeromóvel";NA;NA;"0";"0";"1"
"3.7.8.G";"Custos (Aeromóvel) - Impostos e Tributação (Ônibus)";"Impostos e tributação dizem respeito a qual percentual da planilha de custos do serviço por aeromóvel?";"Custos";"Aeromóvel";NA;NA;"0";"0";"1"
"3.7.8.H";"Custos (Aeromóvel) - Despesas Administrativas (Ônibus)";"Despesas administrativas dizem respeito a qual percentual da planilha de custos do serviço por aeromóvel?";"Custos";"Aeromóvel";NA;NA;"0";"0";"1"
"3.7.8.I";"Custos (Aeromóvel) - Energia (Ônibus)";"Energia diz respeito a qual percentual da planilha de custos do serviço por aeromóvel?";"Custos";"Aeromóvel";NA;NA;"0";"0";"1"
"3.7.8.J";"Custos (Aeromóvel) - IPTU (Ônibus)";"IPTU diz respeito a qual percentual da planilha de custos do serviço por aeromóvel?";"Custos";"Aeromóvel";NA;NA;"0";"0";"1"
"3.7.8.K";"Custos (Aeromóvel) - Outros insumos (Ônibus)";"Outros insumos dizem respeito a qual percentual da planilha de custos do serviço por aeromóvel?";"Custos";"Aeromóvel";NA;NA;"0";"0";"1"
"4.1.1";"Plano Diretor";"O município possui Plano Diretor?";"Outros";"Governança e Leis";"0";"1";"0";"0";"0"
"4.1.1.A";"Ano Plano Diretor";"Qual o ano de elaboração ou última atualização do Plano Diretor?";"Outros";"Governança e Leis";"0";"1";"1";"0";"0"
"4.1.2";"Lei de Zoneamento ou Uso e Ocupação do Solo";"O município possui Lei de Zoneamento ou Uso e Ocupação do Solo?";"Outros";"Governança e Leis";"0";"1";"0";"0";"0"
"4.3.1";"Contemplado em Plano de Mobilidade Urbana";"O município está contemplado em algum Plano de Mobilidade Urbana de Região Metropolitana ou Aglomeração Urbana?";"Outros";"Governança e Leis";"0";"1";"0";"0";"0"
"4.3.1.A";"Contemplado em Plano de Mobilidade Urbana - Detalhamento";"O Plano de Mobilidade Urbana diz respeito a qual Região Metropolitana ou Aglomeração Urbana?";"missing";NA;"0";"0";"0";"0";"0"
"4.3.1.B";"Contemplado em Plano de Mobilidade Urbana - Digital";"Em qual website é possível obter o Plano de Mobilidade Urbana de Região Metropolitana ou Aglomeração Urbana em formato digital?";"missing";NA;"0";"0";"0";"0";"0"
"4.3.2";NA;"O município está contemplado em algum Plano de Desenvolvimento Urbano Integrado (PDUI) (Lei Federal nº 13.089/2015 - Estatuto da Metrópole)?";NA;NA;"0";"0";"0";"0";"0"
"4.3.2.A";NA;"O PDUI diz respeito a qual Região Metropolitana ou Aglomeração Urbana?";NA;NA;"0";"0";"0";"0";"0"
"4.3.2.B";NA;"Em qual website é possível obter o Plano de Desenvolvimento Urbano Integrado (PDUI) em formato digital?";NA;NA;"0";"0";"0";"0";"0"
"4.4.1";NA;"O município possui Plano de Mobilidade Urbana?";NA;NA;"0";"0";"0";"0";"0"
"4.4.2";NA;"Qual o ano de elaboração ou última atualização do Plano de Mobilidade Urbana?";NA;NA;"0";"0";"1";"0";"0"
"4.4.3";NA;"Qual o instrumento normativo que aprovou o Plano de Mobilidade Urbana?";NA;NA;"0";"0";"0";"0";"0"
"4.4.3.A";NA;"Qual o número da Lei ou instrumento normativo que aprovou o plano?";NA;NA;"0";"0";"0";"0";"0"
"4.4.3.B";NA;"Em qual website é possível obter o Plano de Mobilidade Urbana em formato digital?";NA;NA;"0";"0";"0";"0";"0"
"4.5.1";NA;"Quais metodologias de participação social foram utilizadas durante a elaboração do Plano de Mobilidade Urbana?";NA;NA;"0";"0";"0";"0";"0"
"4.5.2";NA;"Quais itens a seguir foram considerados na metodologia de elaboração do Plano de Mobilidade Urbana?";NA;NA;"0";"0";"0";"0";"0"
"4.6.1";NA;"Quais temas a seguir estão contemplados no Plano de Mobilidade Urbana?";NA;NA;"0";"0";"0";"0";"0"
"4.7.1";NA;"O município já realizou pesquisa Origem-Destino (O/D)?";NA;NA;"0";"0";"0";"0";"0"
"4.7.1.A";"Ano da POD";"Qual o ano de realização da última pesquisa O/D?";"Origem e Destino";NA;"0";"0";"1";"0";"0"
"4.7.1.B";"Periodicidade da POD";"Qual a periodicidade de realização da pesquisa?";"Origem e Destino";NA;"0";"0";"0";"0";"0"
"4.7.1.C";"Website POD";"Em qual website é possível obter a Pesquisa Origem-Destino em formato digital?";"Origem e Destino";NA;"0";"0";"0";"0";"0"
"4.7.1.D";"POD - Número médio de viagens diárias";"Considerando todos os modos de transporte e as pesquisa O/D realizadas, qual o número médio de viagens diárias no município?";"Outros";"Origem e Destino";"0";"0";"1";"0";"0"
"4.7.1.E";"POD - Distância média das viagens";"Considerando todos os modos de transporte e as pesquisas O/D realizadas, qual a distância média das viagens no município? (Em km)";"Outros";"Origem e Destino";"0";"0";"0";"1";"0"
"4.7.1.F";"POD - Tempo médio das viagens";"Considerando todos os modos de transportes e as pesquisas O/D realizadas, qual o tempo médio das viagens realizadas no município? (Em minutos)";"Outros";"Origem e Destino";"0";"0";"1";"0";"0"
"4.7.1.G";"POD - Percentual de viagens a pé";"Considerando a divisão modal identificada pelas pesquisas O/D realizadas, qual o percentual de viagens realizadas a pé? (Em %)";"Outros";"Origem e Destino";"1";"0";"0";"0";"1"
"4.7.1.H";"POD - Percentual de viagens de bicicleta";"Considerando a divisão modal identificada pelas pesquisas O/D realizadas, qual o percentual de viagens realizadas de bicicleta? (Em %)";"Outros";"Origem e Destino";"1";"0";"0";"0";"1"
"4.7.1.I";"POD - Percentual de viagens por transporte público";"Considerando a divisão modal identificada pelas pesquisas O/D realizadas, qual o percentual de viagens realizadas por transporte coletivo? (Em %)";"Outros";"Origem e Destino";"1";"0";"0";"0";"1"
"4.7.1.J";"POD - Percentual de viagens por automóvel individual";"Considerando a divisão modal identificada pelas pesquisas O/D realizadas, qual o percentual de viagens realizadas por transporte individual motorizado (automóvel)? (Em %)";"Outros";"Origem e Destino";"1";"0";"0";"0";"1"
"4.7.1.K";"POD - Percentual de viagens por moto";"Considerando a divisão modal identificada pelas pesquisas O/D realizadas, qual o percentual de viagens realizadas por transporte individual motorizado (moto)? (Em %)";"Outros";"Origem e Destino";"1";"0";"0";"0";"1"
"4.7.1.L";"POD - Percentual de viagens por táxi ou carro de aplicativo";"Considerando a divisão modal identificada pelas pesquisas O/D realizadas, qual o percentual de viagens realizadas por transporte individual remunerado (táxi, aplicativos)? (Em %)";"Outros";"Origem e Destino";"1";"0";"0";"0";"1"
"4.7.1.M";"POD - Percentual de viagens por outros modais";"Considerando a divisão modal identificada pelas pesquisas O/D realizadas, qual o percentual de viagens realizadas por outros modos de transporte? (Em %)";"Outros";"Origem e Destino";"1";"0";"0";"0";"1"
"4.8.1";NA;"Quais ações, medidas, programas ou instrumentos destinados à promoção de acessibilidade o município possui?";NA;NA;"0";"0";"0";"0";"0"
"4.8.2";NA;"A questão da acessibilidade é abordada em quais leis municipais?";NA;NA;"0";"0";"0";"0";"0"
"5.1.1";NA;"Em seu município existe a cobrança de tributos sobre modos e serviços de transporte urbano pela utilização da infraestrutura em perímetro urbano (taxação de congestionamento)?";NA;NA;"0";"0";"0";"0";"0"
"5.1.1.A";NA;"Qual a arrecadação anual no ano de 2023 do município com a cobrança de tributos pela utilização da infraestrutura em perímetro urbano (taxação de congestionamento)?";NA;NA;"0";NA;"1";"0";"0"
"5.2.1";"Vagas de Estacionamento Reguladas";"Qual o número de vagas de estacionamento regulamentados existentes no município?";"Infraestrutura";"Automóvel";"1";"1";"1";"0";"0"
"5.2.1.A";"Percentual de Vagas de Estacionamento para Deficientes";"Qual o percentual de vagas de estacionamento reservadas para pessoas com deficiência e mobilidade reduzida? (Em %)";"Infraestrutura";"Automóvel";"1";"1";"0";"0";"1"
"5.2.1.B";"Percentual de Vagas de Estacionamento para Idosos";"Qual o percentual de vagas de estacionamento reservadas para idosos? (Em %)";"Infraestrutura";"Automóvel";"1";"1";"0";"0";"1"
"5.2.1.C";"Percentual de Vagas de Estacionamento para Gestantes";"Qual o percentual de vagas de estacionamento reservadas para gestantes? (Em %)";"Infraestrutura";"Automóvel";"1";"1";"0";"0";"1"
"5.2.2";"Existe Fiscalização para Cobrança em Vagas Públicas";"Existe controle ou cobrança para estacionamento em vagas públicas, como por exemplo, Área Azul?";"Infraestrutura";"Automóvel";"0";"0";"0";"0";"0"
"5.2.2.A";"Valor Arrecadado com Cobrança de Estacionamento";"Qual o valor arrecadado com a cobrança de estacionamento no ano de 2023?";"Arrecadação";"Tributos";"1";"1";"1";"0";"0"
"5.3.1";"Instrumentos de Gestão";"Marque os instrumentos de gestão presentes em seu município:";"missing";NA;"0";"0";"0";"0";"0"
"7.1.1";"Frota de Ônibus com Fontes de Energia Alternativa";"Na composição da frota de transporte público coletivo, existem ônibus que utilizam tecnologia veicular ou fontes de energia alternativa?";"Frota";"Ônibus";"0";"0";"0";"0";"0"
"7.1.1A";"Frota de Ônibus Movido a Etanol (%)";"Qual o percentual da frota que utiliza etanol como fonte de energia?";"Frota";"Ônibus";"1";"1";"0";"0";"1"
"7.1.1.B";"Frota de Ônibus Movido a Eletricidade (%)";"Qual o percentual da frota que utiliza eletricidade como fonte de energia?";"Frota";"Ônibus";"1";"1";"0";"0";"1"
"7.1.1.C";"Frota de Ônibus Movido a Gás Natural (%)";"Qual o percentual da frota que utiliza gás natural como fonte de energia?";"Frota";"Ônibus";"1";"1";"0";"0";"1"
"7.1.1.D";"Frota de Ônibus Movido a Hidrogênio (%)";"Qual o percentual da frota que utiliza hidrogênio como fonte de energia?";"Frota";"Ônibus";"1";"1";"0";"0";"1"
"7.1.1.E";"Frota de Ônibus Movido a Biodiesel (%)";"Qual o percentual da frota que utiliza biodiesel como fonte de energia?";"Frota";"Ônibus";"1";"1";"0";"0";"1"
"7.1.1.F";"Frota de Ônibus Híbridos (Eletricidade + Diesel) (%)";"Qual o percentual da frota que utiliza energia híbrida (eletricidade + diesel)?";"Frota";"Ônibus";"1";"1";"0";"0";"1"
"7.2.1";"Frota de Táxis com Fontes de Energia Alternativa";"Na composição da frota de táxi, existem veículos que utilizam combustíveis menos poluentes ou fontes de energia alternativa?";"Frota";"Táxi";"0";"0";"0";"0";"0"
"7.2.1.A";"Frota de Táxis Movido a Etanol (%)";"Qual o percentual da frota de táxi que utiliza etanol como fonte de energia?";"Frota";"Táxi";"1";"1";"0";"0";"1"
"7.2.1.B";"Frota de Táxis Movido a Eletricidade (%)";"Qual o percentual da frota de táxi que utiliza eletricidade como fonte de energia?";"Frota";"Táxi";"1";"1";"0";"0";"1"
"7.2.1.C";"Frota de Táxis Movido a Gás Natural (%)";"Qual o percentual da frota de táxi que utiliza gás natural como fonte de energia?";"Frota";"Táxi";"1";"1";"0";"0";"1"
"7.2.1.D";"Frota de Táxis Híbridos (Eletricidade + Gasolina) (%)";"Qual o percentual da frota de táxi que utiliza energia híbrida (eletricidade + gasolina)?";"Frota";"Táxi";"1";"1";"0";"0";"1"
"7.3.1";"Inspeção veicular ambiental";"Em qual tipo de veículo é realizada inspeção veicular ambiental no município?";"Frota";NA;"0";"0";"0";"0";"0"
"8.1.1";"Conselho Municipal de Transporte e/ou Mobilidade Urbana";"O município possui conselho municipal de transporte e/ou mobilidade urbana?";"Outros";"Governança e Leis";"0";"0";"0";"0";"0"
"8.1.2";NA;"A mobilidade urbana é discutida no Conselho da Cidade ou outro órgão colegiado similar com representação da sociedade civil?";NA;NA;"0";"0";"0";"0";"0"
"8.2.1";NA;"Qual o caráter do conselho que trata sobre mobilidade urbana no município?";NA;NA;"0";"0";"0";"0";"0"
"8.2.2.A";NA;"Qual o percentual de membros do Poder Executivo na composição do Conselho de mobilidade urbana ou similar? (Em %)";NA;NA;"1";"0";"0";"0";"1"
"8.2.2.B";NA;"Qual o percentual de membro do Poder Legislativo na composição do Conselho de mobilidade urbana ou similar? (Em %)";NA;NA;"1";"0";"0";"0";"1"
"8.2.2.C";NA;"Qual o percentual de membros da Sociedade Civil na composição do Conselho de mobilidade urbana ou similar? (Em %)";NA;NA;"1";"0";"0";"0";"1"
"8.2.2.D";NA;"Qual o percentual de membros dos operados dos serviços na composição do Conselho de mobilidade urbana ou similar? (Em %)";NA;NA;"1";"0";"0";"0";"1"
"8.2.2.E";NA;"Qual o percentual de outros membros na composição dos Conselho de mobilidade urbana ou similar? (Em %)";NA;NA;"1";"0";"0";"0";"1"
"8.2.3";NA;"Qual o mês e ano da última reunião do Conselho de mobilidade urbana ou similar?";NA;NA;"0";"0";"0";"0";"0"
"8.3.1";NA;"O município possui ouvidoria ou estrutura similar para recebimento de reclamações e sugestões na instituição responsável pela gestão da mobilidade urbana?";NA;NA;"0";"0";"0";"0";"0"
"8.4.1";NA;"Qual o tipo de consulta popular com relação ao planejamento da mobilidade e definição de projetos prioritários houve no município no ano de 2023?";NA;NA;"0";"0";"0";"0";"0"
"9.1.1";NA;"Marque as medidas de moderação de tráfego presentes em seu município:";NA;NA;"0";"0";"0";"0";"0"
"9.1.2";"Agentes de Trânsito em Exercício";"Qual o número de agentes de trânsito em exercício no município no ano?";"Infraestrutura";"Trabalhadores";"1";"1";"1";"0";"0"
"9.1.3";"Equipamentos de Fiscalização";"Qual o número de equipamentos de fiscalização de velocidade existentes?";"Infraestrutura";"Equipamentos";"1";"1";"1";"0";"0"
"9.1.4";"Valor Arrecadado com Multas de Trânsito";"Qual foi a arrecadação anual no ano com multas de trânsito?";"Arrecadação";"Multas";"1";"1";"1";"0";"0"
"10.1.1";NA;"O órgão responsável pela gestão do sistema de mobilidade urbana na prefeitura caracteriza-se como:";NA;NA;"0";"0";"0";"0";"0"
"11.1.1";NA;"De que modo o serviço de transporte público coletivo regulamentado no município é ofertado?";NA;NA;"0";"0";"0";"0";"0"
"11.1.2";NA;"Quais as modalidades de delegação de serviço de transporte público coletivo existe no município?";NA;NA;"0";"0";"0";"0";"0"
"11.2.1";NA;"O serviço de transporte público coletivo regulamentado é licitado?";NA;NA;"0";"0";"0";"0";"0"
"11.2.1.A";NA;"Qual o prazo do contrato? (Em anos)";NA;NA;"0";"0";"0";"0";"0"
"11.2.2.B";NA;"Qual é a data de vencimento do contrato?";NA;NA;"0";"0";"0";"0";"0"
"11.3.1";NA;"Para a remuneração do operador do sistema de transporte público coletivo, quais aspectos são levados em conta?";NA;NA;"0";"0";"0";"0";"0"
"11.4.1";NA;"Existe transporte não regulamentado no município?";NA;NA;"0";"0";"0";"0";"0"
"11.4.1.A";NA;"Quais tipos de veículos realizam o transporte não regulamentado?";NA;NA;"0";"0";"0";"0";"0"
"11.5.1";NA;"O município possui regulamentação para o transporte remunerado privado individual de passageiros (Uber, 99, entre outros)?";NA;NA;"0";"0";"0";"0";"0"
"11.5.1.A";"Passageiros de Transporte por Aplicativo";"Qual o número de viagens realizadas no ano por transporte remunerado privado individual de passageiros no município (considerando todos os aplicativos)?";"Demanda";"Automóvel";"0";"0";"1";"0";"0"
"11.5.1.B";"Quilômetros Percorridos de Transporte por Aplicativo";"Qual a quilometragem percorrida no ano por transporte remunerado privado individual de passageiros no município (considerando todos os aplicativos)? (Em km)";"Frota";"Automóvel";"0";"0";"1";"0";"0"
"11.5.1.C";"Valor Arrecadado de Transporte por Aplicativo";"Qual foi a arrecadação no ano por transporte remunerado privado individual de passageiros no município? (Em R$)";"missing";"Automóvel";"0";NA;"1";"0";"0"
"12.1.2";NA;"O município faz uso de algum instrumento urbanístico previsto no Estatuto da Cidade (Lei Federal nº 10.257/2001) para viabilizar investimentos em mobilidade urbana?";NA;NA;"0";"0";"0";"0";"0"
"12.2.1";NA;"O município possui fundo municipal específico de transporte e/ou mobilidade urbana?";NA;NA;"0";"0";"0";"0";"0"
"13.1.1";NA;"Quais as inovações tecnológicas presentes na mobilidade urbana do município?";NA;NA;"0";"0";"0";"0";"0"
"13.1.1.A";NA;"Quais outras inovações tecnológicas na mobilidade urbana estão presentes no município?";NA;NA;"0";"0";"0";"0";"0"
