code_variable,name_variable,label_pergunta,label,tipo,modal,is_dashboard,is_portal,is_transform,is_average,is_percentage,is_absolute,is_candidate,categoria
1.4.1.A,Qual o número total de terminais rodoviários no município?,Qual o número total de terminais rodoviários no município?,Número de Rodoviárias,numeric,NA,0,1,0,0,0,1,1,Infraestrutura
1.4.1.B,"Qual o número total de terminais rodoviários acessíveis com rampas, plataformas de embarque em nível?","Qual o número total de terminais rodoviários acessíveis com rampas, plataformas de embarque em nível?","Número de Rodoviárias (acessibilidade, def. física)",numeric,NA,0,1,0,0,0,1,1,Infraestrutura
1.4.1.C,Qual o número total de terminais rodoviários acessíveis com informações para pessoas com deficiência visual?,Qual o número total de terminais rodoviários acessíveis com informações para pessoas com deficiência visual?,"Número de Rodoviárias (acessibilidade, def. visual)",numeric,NA,0,1,0,0,0,1,1,Infraestrutura
1.4.1.D,Qual o número total de terminais rodoviários com integração física?,Qual o número total de terminais rodoviários com integração física?,Número de Rodoviárias com Integração,numeric,NA,0,1,0,0,0,1,1,Infraestrutura
1.4.1.E,Qual o número total de estações metroferroviárias no município?,Qual o número total de estações metroferroviárias no município?,Número de Metroviárias,numeric,NA,0,1,0,0,0,1,1,Infraestrutura
1.4.1.F,"Qual o número total de estações metroferroviárias acessíveis com rampas, plataformas de embarque em nível?","Qual o número total de estações metroferroviárias acessíveis com rampas, plataformas de embarque em nível?","Número de Metroviárias (acessibilidade, def. física)",numeric,NA,0,1,0,0,0,1,1,Infraestrutura
1.4.1.G,Qual o número total de estações metroferroviárias acessíveis com informações para pessoas com deficiência visual?,Qual o número total de estações metroferroviárias acessíveis com informações para pessoas com deficiência visual?,"Número de Metroviárias (acessibilidade, def. visual)",numeric,NA,0,1,0,0,0,1,1,Infraestrutura
1.4.1.H,Qual o número total de estações metroferroviárias com integração física?,Qual o número total de estações metroferroviárias com integração física?,Número de Metroviárias com Intregração,numeric,NA,0,1,0,0,0,1,1,Infraestrutura
1.4.2,"Qual o número total de pontos de embarque e desembarque, considerando todos os modos de transporte?","Qual o número total de pontos de embarque e desembarque, considerando todos os modos de transporte?",Pontos de Embarque/Desembarque (Total),numeric,NA,0,1,0,0,0,1,1,Infraestrutura
1.4.3,"Qual o número total de pontos de embarque e desembarque com abrigo para usuários, considerando todos os modos de transporte?","Qual o número total de pontos de embarque e desembarque com abrigo para usuários, considerando todos os modos de transporte?",Pontos de Embarque com abrigo,numeric,NA,1,1,1,0,0,1,1,Infraestrutura
1.4.4,"Qual o número total de pontos de embarque e desembarque com plataforma de embarque em nível para usuários, considerando todos os modos de transporte?","Qual o número total de pontos de embarque e desembarque com plataforma de embarque em nível para usuários, considerando todos os modos de transporte?",Pontos de Embarque (em nível),numeric,NA,1,1,1,0,0,1,1,Infraestrutura
1.5.1.A,Qual a frota de veículos operacionais de ônibus convencional no município?,Qual a frota de veículos operacionais de ônibus convencional no município?,Frota de ônibus,numeric,Ônibus,0,1,1,0,0,1,1,Frota
1.5.1.B,Qual a capacidade média da frota de ônibus convencionais operacionais no município?,Qual a capacidade média da frota de ônibus convencionais operacionais no município?,Ônibus (capacidade média),numeric,Ônibus,1,1,0,1,0,0,1,Frota
1.5.1.C,Qual o número de ônibus convencionais operacionais de piso baixo no município?,Qual o número de ônibus convencionais operacionais de piso baixo no município?,Ônibus (piso baixo),numeric,Ônibus,1,1,1,0,0,1,1,Frota
1.5.1.D,Qual o número de ônibus convencionais operacionais com plataforma elevatória no município?,Qual o número de ônibus convencionais operacionais com plataforma elevatória no município?,Ônibus (com plataforma),numeric,Ônibus,1,1,1,0,0,1,1,Frota
1.5.1.E,Qual a frota de veículos operacionais de ônibus articulado no município?,Qual a frota de veículos operacionais de ônibus articulado no município?,Frota de Ônibus Articulados,numeric,Ônibus,1,1,1,0,0,1,1,Frota
1.5.1.F,Qual a capacidade média de ônibus articulado operacionais no município?,Qual a capacidade média de ônibus articulado operacionais no município?,Ônibus Articulados (capacidade média),numeric,Ônibus,1,1,0,1,0,0,1,Frota
1.5.1.G,Qual o número de ônibus articulados operacionais de piso baixo?,Qual o número de ônibus articulados operacionais de piso baixo?,Ônibus Articulados (piso baixo),numeric,Ônibus,1,1,1,0,0,1,1,Frota
1.5.1.H,Qual o número de ônibus articulados operacionais com plataforma elevatória no município?,Qual o número de ônibus articulados operacionais com plataforma elevatória no município?,Ônibus Articulados (com plataforma),numeric,Ônibus,1,1,1,0,0,1,1,Frota
1.5.1.I,Qual a frota de veículos operacionais de ônibus biarticulado no município?,Qual a frota de veículos operacionais de ônibus biarticulado no município?,Frota de Ônibus Biarticulados,numeric,Ônibus,1,1,1,0,0,1,1,Frota
1.5.1.J,Qual a capacidade média de ônibus biarticulado operacionais no município?,Qual a capacidade média de ônibus biarticulado operacionais no município?,Ônibus Biarticulados (cap. média),numeric,Ônibus,1,1,0,1,0,0,1,Frota
1.5.1.K,Qual o número de ônibus biarticulados operacionais de piso baixo?,Qual o número de ônibus biarticulados operacionais de piso baixo?,Ônibus Biarticulados (piso baixo),numeric,Ônibus,1,1,1,0,0,1,1,Frota
1.5.1.L,Qual o número de ônibus biarticulados operacionais com plataforma elevatória no município?,Qual o número de ônibus biarticulados operacionais com plataforma elevatória no município?,Ônibus Biarticulados (com plataforma),numeric,Ônibus,1,1,1,0,0,1,1,Frota
1.5.1.M,Qual a frota de veículos operacionais de vans/microônibus no município?,Qual a frota de veículos operacionais de vans/microônibus no município?,Frota de Microônibus,numeric,Microônibus,1,1,1,0,0,1,1,Frota
1.5.1.N,Qual a capacidade média da frota de vans/microônibus operacionais no município?,Qual a capacidade média da frota de vans/microônibus operacionais no município?,Microônibus (capacidade média),numeric,Microônibus,1,1,0,1,0,0,1,Frota
1.5.1.O,Qual a frota de veículos operacionais de táxi no município?,Qual a frota de veículos operacionais de táxi no município?,Frota de Táxis,numeric,Táxi,1,1,1,0,0,1,1,Frota
1.5.1.P,Qual a frota de veículos operacionais de mototáxi no município?,Qual a frota de veículos operacionais de mototáxi no município?,Frota de Mototáxis,numeric,Mototáxi,1,1,1,0,0,1,1,Frota
1.5.1.Q,Qual a frota de veículos operacionais de metrô (composição) no município?,Qual a frota de veículos operacionais de metrô (composição) no município?,Frota (composição) de Metrôs,numeric,Metrô,1,1,1,0,0,1,1,Frota
1.5.1.R,Qual a capacidade média de um veículo de metrô (composição) no município?,Qual a capacidade média de um veículo de metrô (composição) no município?,Metrô (capacidade média),numeric,Metrô,1,1,0,1,0,0,1,Frota
1.5.1.U,Qual a frota de barcos operacionais no município?,Qual a frota de barcos operacionais no município?,Frota de Barcos,numeric,Barco,1,1,1,0,0,1,1,Frota
1.5.1.V,Qual a capacidade média da frota de barco no município?,Qual a capacidade média da frota de barco no município?,Barcos (capacidade média),numeric,Barco,1,1,0,1,0,0,1,Frota
1.5.1.W,Qual a frota de veículos operacionais de VLT (composição) no município?,Qual a frota de veículos operacionais de VLT (composição) no município?,Frota (composição) de VLTs,numeric,VLT,1,1,1,0,0,1,1,Frota
1.5.1.X,Qual a capacidade média de um veículo de VLT (composição) no município?,Qual a capacidade média de um veículo de VLT (composição) no município?,VLT (capacidade média),numeric,VLT,1,1,0,1,0,0,1,Frota
1.5.1.AC,Qual a frota de bicicletas compartilhadas operacionais no município?,Qual a frota de bicicletas compartilhadas operacionais no município?,Frota de Bicicletas Compartilhadas,numeric,Bicicleta,1,1,1,0,0,1,1,Frota
1.5.2.A,Qual a frota de veículos para fretamento para transporte de passageiro no município?,Qual a frota de veículos para fretamento para transporte de passageiro no município?,Frota de Veículos Fretados para Passageiros,numeric,Fretamento,1,1,1,0,0,1,1,Frota
1.5.2.B,Qual a frota de veículos para transporte escolar no município?,Qual a frota de veículos para transporte escolar no município?,Frota de Veículos Escolares,numeric,Escolar,1,1,1,0,0,1,1,Frota
1.6.1.A,Qual a quilometragem de vias dedicadas onde apenas pedestres podem circular (permanente)?,Qual a quilometragem de vias dedicadas onde apenas pedestres podem circular (permanente)?,Extensão de Vias Exclusivas para Pedestres,numeric,Pedestres,0,1,0,0,0,1,1,Frota
1.6.1.B,Qual a quilometragem de vias dedicadas onde apenas pedestres podem circular (temporária)?,Qual a quilometragem de vias dedicadas onde apenas pedestres podem circular (temporária)?,Extensão de Vias Exclusivas Temporárias para Pedestres,numeric,Pedestres,0,1,0,0,0,1,1,Frota
1.6.1.C,Qual a quilometragem de calçadas no município (parte da via reservada ao trânsito de pedestres)?,Qual a quilometragem de calçadas no município (parte da via reservada ao trânsito de pedestres)?,Extensão de Calçadas para Pedestres,numeric,Pedestres,0,1,0,0,0,1,1,Frota
1.6.1.D,Qual a quilometragem de vias dedicadas exclusivas para BRTs no município?,Qual a quilometragem de vias dedicadas exclusivas para BRTs no município?,Extensão de Vias Exclusivas para BRT,numeric,NA,0,1,0,0,0,1,1,Frota
1.6.1.E,Qual a quilometragem de vias dedicadas exclusivamente a corredores de ônibus no município?,Qual a quilometragem de vias dedicadas exclusivamente a corredores de ônibus no município?,Extensão de Corredores Exclusivos de Ônibus,numeric,Ônibus,0,1,0,0,0,1,1,Frota
1.6.1.F,Qual a quilometragem de vias dedicadas a faixas exclusivas no município?,Qual a quilometragem de vias dedicadas a faixas exclusivas no município?,Extensão de Faixas Exclusivas,numeric,NA,0,1,0,0,0,1,1,Frota
1.6.1.G,Qual a quilometragem de vias dedicadas exclusivamente a ciclovias no município?,Qual a quilometragem de vias dedicadas exclusivamente a ciclovias no município?,Extensão de Ciclovias Exclusivas,numeric,NA,0,1,0,0,0,1,1,Frota
1.6.1.H,Qual a quilometragem de vias dedicadas exclusivamente a ciclofaixas no município?,Qual a quilometragem de vias dedicadas exclusivamente a ciclofaixas no município?,Extensão de Ciclofaixas Exclusivas,numeric,NA,0,1,0,0,0,1,1,Frota
1.6.1.I,Qual a quilometragem de vias dedicadas exclusivamente a metrô no município?,Qual a quilometragem de vias dedicadas exclusivamente a metrô no município?,Extensão da malha (metrô),numeric,Metrô,0,1,0,0,0,1,1,Frota
1.6.1.J,Qual a quilometragem de vias dedicadas exclusivamente a trem no município?,Qual a quilometragem de vias dedicadas exclusivamente a trem no município?,Extensão da malha (trem),numeric,Trem,0,1,0,0,0,1,1,Frota
1.6.1.K,Qual a quilometragem de vias dedicadas exclusivamente a VLT no município?,Qual a quilometragem de vias dedicadas exclusivamente a VLT no município?,Extensão da malha (VLT),numeric,VLT,0,1,0,0,0,1,1,Frota
1.6.1.M,Qual a quilometragem de vias dedicadas exclusivamente a aeromóvel no município?,Qual a quilometragem de vias dedicadas exclusivamente a aeromóvel no município?,Extensão da malha (aeromóvel),numeric,Aeromóvel,0,1,0,0,0,1,1,Frota
1.7.1.A,Qual a quilometragem percorrida no ano de 2023 pela frota de ônibus do município?,Qual a quilometragem percorrida no ano pela frota de ônibus do município?,Quilômetros Percorridos (Ônibus),numeric,Ônibus,1,1,1,0,0,1,1,Frota
1.7.1.B,Qual a quilometragem percorrida no ano de 2023 pela frota de vans/microônibus do município?,Qual a quilometragem percorrida no ano pela frota de vans/microônibus do município?,Quilômetros Percorridos (Microônibus),numeric,Microônibus,1,1,1,0,0,1,1,Frota
1.7.1.C,Qual a quilometragem percorrida no ano de 2023 pela frota de metrô do município?,Qual a quilometragem percorrida no ano pela frota de metrô do município?,Quilômetros Percorridos (Metrô),numeric,Metrô,1,1,1,0,0,1,1,Frota
1.7.1.E,Qual a quilometragem percorrida no ano de 2023 pela frota de barco/catamarã do município?,Qual a quilometragem percorrida no ano pela frota de barco/catamarã do município?,Quilômetros Percorridos (Barco),numeric,Barco,1,1,1,0,0,1,1,Frota
2.1.1.A,Qual a velocidade média operacional (km/h) do sistema de BRT do município em faixas prioritárias no horário de pico?,Qual a velocidade média operacional (km/h) do sistema de BRT do município em faixas prioritárias no horário de pico?,Velocidade Média do BRT em faixas prioritárias (pico),numeric,NA,1,1,0,1,0,0,1,Frota
2.1.1.B,Qual a velocidade média operacional (km/h) nos corredores de ônibus do município no horário de pico?,Qual a velocidade média operacional (km/h) nos corredores de ônibus do município no horário de pico?,Velocidade Média do Ônibus nos Corredores (pico),numeric,Ônibus,1,1,0,1,0,0,1,Frota
2.1.1.C,Qual a velocidade média operacional (km/h) nas faixas exclusivas de ônibus do município no horário de pico?,Qual a velocidade média operacional (km/h) nas faixas exclusivas de ônibus do município no horário de pico?,Velocidade Média do Ônibus nas Faixas Exclusivas (pico),numeric,Ônibus,1,1,0,1,0,0,1,Frota
2.1.1.D,Qual a velocidade média operacional (km/h) do sistema de metrô do município no horário de pico?,Qual a velocidade média operacional (km/h) do sistema de metrô do município no horário de pico?,Velocidade Média do Metrô (pico),numeric,Metrô,1,1,0,1,0,0,1,Frota
2.1.1.F,Qual a velocidade média operacional (km/h) do sistema de VLT do município no horário de pico?,Qual a velocidade média operacional (km/h) do sistema de VLT do município no horário de pico?,Velocidade Média do VLT (pico),numeric,VLT,1,1,0,1,0,0,1,Frota
2.1.2,Qual a velocidade média operacional (km/h) do sistema de transporte público coletivo em vias de tráfego misto no horário de pico?,Qual a velocidade média operacional (km/h) do sistema de transporte público coletivo em vias de tráfego misto no horário de pico?,Velocidade Média do Transporte Público em Vias Mistas,numeric,NA,1,1,0,1,0,0,1,Frota
2.3.1.A,Qual a idade média da frota do serviço de transporte por ônibus no município? (em anos),Qual a idade média da frota do serviço de transporte por ônibus no município? (em anos),Idade Média da Frota de Ônibus,numeric,Ônibus,0,1,0,1,0,0,1,Frota
2.3.1.B,Qual a idade média da frota do serviço de transporte por vans/microônibus no município? (em anos),Qual a idade média da frota do serviço de transporte por vans/microônibus no município? (em anos),Idade Média da Frota de Microônibus,numeric,Microônibus,0,1,0,1,0,0,1,Frota
2.3.1.C,Qual a idade média da frota do serviço de transporte por metrô no município? (em anos),Qual a idade média da frota do serviço de transporte por metrô no município? (em anos),Idade Média da Frota de Metrô,numeric,Metrô,1,1,0,1,0,0,1,Frota
2.3.1.H,Qual a idade média da frota do serviço de transporte por Táxi no município? (em anos),Qual a idade média da frota do serviço de transporte por Táxi no município? (em anos),Idade Média da Frota de Táxis,numeric,Táxi,0,1,0,1,0,0,1,Frota
2.4.1.A,Qual o número de terminais rodoviários com informações aos usuários sobre itinerários?,Qual o número de terminais rodoviários com informações aos usuários sobre itinerários?,Terminais Rodoviários com Itinerários,numeric,NA,0,1,0,0,0,1,1,Infraestrutura
2.4.1.B,Qual o número de terminais rodoviários com informações aos usuários sobre horários?,Qual o número de terminais rodoviários com informações aos usuários sobre horários?,Terminais Rodoviários com Informações sobre Horários,numeric,NA,0,1,0,0,0,1,1,Infraestrutura
2.4.1.C,Qual o número de terminais rodoviários com informações aos usuários sobre tarifas dos serviços?,Qual o número de terminais rodoviários com informações aos usuários sobre tarifas dos serviços?,Terminais Rodoviários com Informações sobre Tarifas,numeric,NA,0,1,0,0,0,1,1,Infraestrutura
2.4.1.D,Qual o número de terminais rodoviários com informações aos usuários sobre formas de integração com outros modos de transporte?,Qual o número de terminais rodoviários com informações aos usuários sobre formas de integração com outros modos de transporte?,Terminais Rodoviários com Informações sobre Integrações,numeric,NA,0,1,0,0,0,1,1,Infraestrutura
2.4.1.E,Qual o número de estações metroferroviárias com informações aos usuários sobre itinerários?,Qual o número de estações metroferroviárias com informações aos usuários sobre itinerários?,Estações Metroviárias com Itinerários,numeric,NA,1,1,1,0,0,1,1,Infraestrutura
2.4.1.F,Qual o número de estações metroferroviárias com informações aos usuários sobre horários?,Qual o número de estações metroferroviárias com informações aos usuários sobre horários?,Estações Metroviárias com Informações sobre Horários,numeric,NA,1,1,1,0,0,1,1,Infraestrutura
2.4.1.G,Qual o número de estações metroferroviárias com informações aos usuários sobre tarifas dos serviços?,Qual o número de estações metroferroviárias com informações aos usuários sobre tarifas dos serviços?,Estações Metroviárias com Informações sobre Tarifas,numeric,NA,1,1,1,0,0,1,1,Infraestrutura
2.4.1.H,Qual o número de estações metroferroviárias com informações aos usuários sobre formas de integração com outros modos de transporte?,Qual o número de estações metroferroviárias com informações aos usuários sobre formas de integração com outros modos de transporte?,Estações Metroviárias com Informações sobre Integrações,numeric,NA,1,1,1,0,0,1,1,Infraestrutura
2.4.2.A,Qual o número total de pontos de embarque e desembarque com informações aos usuários sobre itinerários?,Qual o número total de pontos de embarque e desembarque com informações aos usuários sobre itinerários?,Pontos de Embarque com Itinerários,numeric,NA,1,1,1,0,0,1,1,Infraestrutura
2.4.2.B,Qual o número total de pontos de embarque e desembarque com informações aos usuários sobre horários?,Qual o número total de pontos de embarque e desembarque com informações aos usuários sobre horários?,Pontos de Embarque com Informações sobre Horários,numeric,NA,1,1,1,0,0,1,1,Infraestrutura
2.4.2.C,Qual o número total de pontos de embarque e desembarque com informações aos usuários sobre tarifas?,Qual o número total de pontos de embarque e desembarque com informações aos usuários sobre tarifas?,Pontos de Embarque com Informações sobre Tarifas,numeric,NA,1,1,1,0,0,1,1,Infraestrutura
2.4.2.D,Qual o número total de pontos de embarque e desembarque com informações aos usuários sobre modos de interação com outros modos de transporte?,Qual o número total de pontos de embarque e desembarque com informações aos usuários sobre modos de interação com outros modos de transporte?,Pontos de Embarque com Informações sobre Integrações,numeric,NA,1,1,1,0,0,1,1,Infraestrutura
2.5.1.A,Ano de realização da pesquisa:,Ano de realização da pesquisa:,Ano da Pesquisa,numeric,NA,0,0,0,0,0,1,1,missing
2.6.2.A,Qual a porcentagem de viagens por ônibus foram realizadas dentro do horário programado em 2023? (%),Qual a porcentagem de viagens por ônibus foram realizadas dentro do horário programado no ano? (%),Viagens de Ônibus Realizadas no Horário Programado (%),numeric,Ônibus,1,1,0,0,0,1,1,Frota
2.6.2.B,Qual a porcentagem de viagens por vans/microônibus foram realizadas dentro do horário programado em 2023? (%),Qual a porcentagem de viagens por vans/microônibus foram realizadas dentro do horário programado no ano? (%),Viagens de Microônibus Realizadas no Horário Programado (%),numeric,Microônibus,1,1,0,0,0,1,1,Frota
2.6.2.E,Qual a porcentagem de viagens por barco foram realizadas dentro do horário programado em 2023? (%),Qual a porcentagem de viagens por barco foram realizadas dentro do horário programado no ano? (%),Viagens de Barco Realizadas no Horário Programado (%),numeric,Barco,1,1,0,0,0,1,1,Frota
2.6.2.I,Qual a porcentagem de viagens por ônibus não foram completadas em 2023? (%),Qual a porcentagem de viagens por ônibus não foram completadas no ano? (%),Viagens de Ônibus Incompletas (%),numeric,Ônibus,1,1,0,0,0,1,1,Frota
2.6.2.J,Qual o percentual de viagens por vans/microônibus não foram completadas em 2023? (%),Qual o percentual de viagens por vans/microônibus não foram completadas no ano? (%),Viagens de Ônibus Incompletas Microônibus(%),numeric,Microônibus,1,1,0,0,1,0,1,Frota
2.6.2.K,Qual o percentual de viagens por metrô não foram completadas em 2023? (%),Qual o percentual de viagens por metrô não foram completadas no ano? (%),Viagens de Metrô Incompletas (%),numeric,Metrô,1,1,0,0,1,0,1,Frota
2.6.2.L,Qual o percentual de viagens por trem não foram completadas em 2023? (%),Qual o percentual de viagens por trem não foram completadas no ano? (%),Viagens de Trem Incompletas (%),numeric,Trem,1,1,0,0,1,0,1,Frota
2.6.2.M,Qual o percentual de viagens por barco não foram completadas em 2023? (%),Qual o percentual de viagens por barco não foram completadas no ano? (%),Viagens de Barco Incompletas (%),numeric,Barco,1,1,0,0,1,0,1,Frota
2.6.2.N,Qual o percentual de viagens por VLT não foram completadas em 2023? (%),Qual o percentual de viagens por VLT não foram completadas no ano? (%),Viagens de VLT Incompletas (%),numeric,VLT,1,1,0,0,1,0,1,Frota
2.6.2.O,Qual o percentual de viagens por monotrilho não foram completadas em 2023? (%),Qual o percentual de viagens por monotrilho não foram completadas no ano? (%),Viagens de Monotrilho Incompletas (%),numeric,Monotrilho,1,1,0,0,1,0,1,Frota
3.1.1.A,Qual o valor da atual tarifa predominante do município?,Qual o valor da atual tarifa predominante do município?,Valor da Tarifa,numeric,NA,1,1,0,0,0,1,1,Tarifas
3.1.1.B,Qual o valor anterior da tarifa predominante no município?,Qual o valor anterior da tarifa predominante no município?,Valor Anterior da Tarifa,numeric,NA,0,0,0,0,0,1,1,Tarifas
3.2.1.A,Qual o valor da receita tarifária anual por ônibus arrecadado em 2023?,Qual o valor da receita tarifária anual por ônibus arrecadado no ano?,Receita Tarifária (Ônibus),numeric,Ônibus,1,1,1,0,0,1,1,Receita
3.2.1.B,"Se houver receita extratarifária, qual o valor de subsídio associado a passageiros com benefícios tarifários utilizado no sistema por ônibus em 2023?","Se houver receita extratarifária, qual o valor de subsídio associado a passageiros com benefícios tarifários utilizado no sistema por ônibus no ano?",Subsídios a Passageiros (Ônibus),numeric,Ônibus,1,1,1,0,0,1,1,Receita
3.2.1.C,"Se houver receita extratarifária, qual o valor arrecadado com subsídio direto ao sistema (subvenção) no sistema por ônibus em 2023?","Se houver receita extratarifária, qual o valor arrecadado com subsídio direto ao sistema (subvenção) no sistema por ônibus no ano?",Subsídios ao Sistema (Ônibus),numeric,Ônibus,1,1,1,0,0,1,1,Receita
3.2.1.D,"Se houver receita extratarifária, qual o valor arrecadado com publicidade em abrigos, terminais e veículos no sistema por ônibus em 2023?","Se houver receita extratarifária, qual o valor arrecadado com publicidade em abrigos, terminais e veículos no sistema por ônibus no ano?",Receita Extratarifária com Publicidade (Ônibus),numeric,Ônibus,1,1,1,0,0,1,1,Receita
3.2.1.E,"Se houver receita extratarifária, qual o valor arrecadado com outras fontes de recursos no sistema por ônibus em 2023?","Se houver receita extratarifária, qual o valor arrecadado com outras fontes de recursos no sistema por ônibus no ano?",Receita Extratarifária de Outras Fontes (Ônibus),numeric,Ônibus,1,1,1,0,0,1,1,Receita
3.2.2.A,Qual o valor da receita tarifária anual por vans/microônibus arrecadado em 2023?,Qual o valor da receita tarifária anual por vans/microônibus arrecadado no ano?,Receita Tarifária (Ônibus),numeric,Microônibus,1,1,1,0,0,1,1,Receita
3.2.2.B,"Se houver receita extratarifária, qual o valor de subsídio associado a passageiros com benefícios tarifários utilizado no sistema por vans/microônibus em 2023?","Se houver receita extratarifária, qual o valor de subsídio associado a passageiros com benefícios tarifários utilizado no sistema por vans/microônibus no ano?",Subsídios a Passageiros (Ônibus),numeric,Microônibus,1,1,1,0,0,1,1,Receita
3.2.5.A,Qual o valor da receita tarifária anual por barco arrecadado em 2023?,Qual o valor da receita tarifária anual por barco arrecadado no ano?,Receita Tarifária (Ônibus),numeric,Barco,1,1,1,0,0,1,1,Receita
3.2.6.E,"Se houver receita extratarifária, qual o valor arrecadado com outras fontes de recursos no sistema por VLT em 2023?","Se houver receita extratarifária, qual o valor arrecadado com outras fontes de recursos no sistema por VLT no ano?",Receita Extratarifária de Outras Fontes (Ônibus),numeric,VLT,1,1,1,0,0,1,1,Receita
3.3.1.A,Quais os impostos incidentes no serviço de transporte por ônibus?,Quais os impostos incidentes no serviço de transporte por ônibus?,Impostos Incidentes (Ônibus),numeric,Ônibus,1,1,1,0,0,1,1,Custos
3.3.1.B,Qual o percentual de ISS incidente no serviço de transporte por ônibus?,Qual o percentual de ISS incidente no serviço de transporte por ônibus?,Impostos e taxas - Alíquota ISS (Ônibus),numeric,Ônibus,1,1,1,0,1,0,1,Custos
3.3.1.C,Qual o percentual de Taxa de Gerenciamento incidente no serviço de transporte por ônibus?,Qual o percentual de Taxa de Gerenciamento incidente no serviço de transporte por ônibus?,Impostos e Taxas - Taxa de Gerenciamento (Ônibus),numeric,Ônibus,1,1,1,0,1,0,1,Custos
3.3.1.D,Qual o percentual de PIS incidente no serviço de transporte por ônibus?,Qual o percentual de PIS incidente no serviço de transporte por ônibus?,Impostos e Taxas - PIS (Ônibus),numeric,Ônibus,1,1,1,0,1,0,1,Custos
3.3.1.E,Qual o percentual de Cofins incidente no serviço de transporte por ônibus?,Qual o percentual de Cofins incidente no serviço de transporte por ônibus?,Impostos e Taxas - Cofins (Ônibus),numeric,Ônibus,1,1,1,0,1,0,1,Custos
3.3.1.F,Qual o percentual de outros impostos incidentes no serviço de transporte por ônibus?,Qual o percentual de outros impostos incidentes no serviço de transporte por ônibus?,Impostos e Taxas - Alíquota Outros Impostos (Ônibus),numeric,Ônibus,1,1,1,0,1,0,1,Custos
3.3.1.G,Quais outros impostos incidem no serviço de transporte por ônibus?,Quais outros impostos incidem no serviço de transporte por ônibus?,Impostos e Taxas - Outros Impostos (Ônibus),numeric,Ônibus,1,1,1,0,0,1,1,Custos
3.3.1.H,Quais os impostos incidentes no serviço de transporte por vans/microônibus?,Quais os impostos incidentes no serviço de transporte por vans/microônibus?,Impostos Incidentes (Ônibus),numeric,Microônibus,1,1,1,0,0,1,1,Custos
3.3.1.I,Qual o percentual de ISS incidente no serviço de transporte por vans/microônibus?,Qual o percentual de ISS incidente no serviço de transporte por vans/microônibus?,Impostos e taxas - Alíquota ISS (Ônibus),numeric,Microônibus,1,1,1,0,1,0,1,Custos
3.3.1.M,Qual o percentual de outros impostos incidentes no serviço de transporte por vans/microônibus?,Qual o percentual de outros impostos incidentes no serviço de transporte por vans/microônibus?,Impostos e Taxas - Alíquota Outros Impostos (Ônibus),numeric,Microônibus,1,1,1,0,1,0,1,Custos
3.3.1.N,Quais outros impostos incidem no serviço de transporte por vans/microônibus?,Quais outros impostos incidem no serviço de transporte por vans/microônibus?,Impostos e Taxas - Outros Impostos (Ônibus),numeric,Microônibus,1,1,1,0,0,1,1,Custos
3.3.1.AC,Quais os impostos incidentes no serviço de transporte por barco?,Quais os impostos incidentes no serviço de transporte por barco?,Impostos Incidentes (Ônibus),numeric,Barco,1,1,1,0,0,1,1,Custos
3.4.1.A,Qual o número de passageiros comuns transportados no serviço de transporte por ônibus em 2023?,Qual o número de passageiros comuns transportados no serviço de transporte por ônibus no ano?,Passageiros de Ônibus (Comum),numeric,Ônibus,1,1,1,0,0,1,1,Demanda
3.4.1.B,Qual o número de passageiros transportados com Vale Transporte no serviço de transporte por ônibus em 2023?,Qual o número de passageiros transportados com Vale Transporte no serviço de transporte por ônibus no ano?,Passageiros de Ônibus (Vale Transporte),numeric,Ônibus,1,1,1,0,0,1,1,Demanda
3.4.1.C,Qual o número de estudantes transportados no serviço de transporte por ônibus em 2023?,Qual o número de estudantes transportados no serviço de transporte por ônibus no ano?,Passageiros de Ônibus (Estudante),numeric,Ônibus,1,1,1,0,0,1,1,Demanda
3.4.1.D,Qual o número de passageiros transportados com integração tarifária no serviço de transporte por ônibus em 2023?,Qual o número de passageiros transportados com integração tarifária no serviço de transporte por ônibus no ano?,Passageiros de Ônibus (Integração),numeric,Ônibus,1,1,1,0,0,1,1,Demanda
3.4.1.E,Qual o número de gratuidades no serviço de transporte por ônibus em 2023?,Qual o número de gratuidades no serviço de transporte por ônibus no ano?,Passageiros de Ônibus (Gratuidade),numeric,Ônibus,1,1,1,0,0,1,1,Demanda
3.4.1.F,Qual o número de passageiros equivalentes transportados no serviço de transporte por ônibus em 2023?,Qual o número de passageiros equivalentes transportados no serviço de transporte por ônibus no ano?,Passageiros de Ônibus (Equivalentes),numeric,Ônibus,1,1,1,0,0,1,1,Demanda
3.4.1.G,Qual o número de passageiros comuns transportados no serviço de transporte por vans/microônibus em 2023?,Qual o número de passageiros comuns transportados no serviço de transporte por vans/microônibus no ano?,Passageiros de Ônibus (Comum),numeric,Microônibus,1,1,1,0,0,1,1,Demanda
3.4.1.H,Qual o número de passageiros transportados com Vale Transporte no serviço de transporte por vans/microônibus em 2023?,Qual o número de passageiros transportados com Vale Transporte no serviço de transporte por vans/microônibus no ano?,Passageiros de Ônibus (Vale Transporte),numeric,Microônibus,1,1,1,0,0,1,1,Demanda
3.4.1.I,Qual o número de estudantes transportados no serviço de transporte por vans/microônibus em 2023?,Qual o número de estudantes transportados no serviço de transporte por vans/microônibus no ano?,Passageiros de Ônibus (Estudante),numeric,Microônibus,1,1,1,0,0,1,1,Demanda
3.4.1.J,Qual o número de passageiros transportados com integração tarifária no serviço de transporte por vans/microônibus em 2023?,Qual o número de passageiros transportados com integração tarifária no serviço de transporte por vans/microônibus no ano?,Passageiros de Ônibus (Integração),numeric,Microônibus,1,1,1,0,0,1,1,Demanda
3.4.1.K,Qual o número de gratuidades no serviço de transporte por vans/microônibus em 2023?,Qual o número de gratuidades no serviço de transporte por vans/microônibus no ano?,Passageiros de Ônibus (Gratuidade),numeric,Microônibus,1,1,1,0,0,1,1,Demanda
3.4.1.L,Qual o número de passageiros equivalentes transportados no serviço de transporte por vans/microônibus em 2023?,Qual o número de passageiros equivalentes transportados no serviço de transporte por vans/microônibus no ano?,Passageiros de Ônibus (Equivalentes),numeric,Microônibus,1,1,1,0,0,1,1,Demanda
3.4.1.M,Qual o número de passageiros comuns transportados no serviço de transporte por metrô em 2023?,Qual o número de passageiros comuns transportados no serviço de transporte por metrô no ano?,Passageiros de Ônibus (Comum),numeric,Metrô,1,1,1,0,0,1,1,Demanda
3.4.1.N,Qual o número de passageiros transportados com Vale Transporte no serviço de transporte por metrô em 2023?,Qual o número de passageiros transportados com Vale Transporte no serviço de transporte por metrô no ano?,Passageiros de Ônibus (Vale Transporte),numeric,Metrô,1,1,1,0,0,1,1,Demanda
3.4.1.O,Qual o número de estudantes transportados no serviço de transporte por metrô em 2023?,Qual o número de estudantes transportados no serviço de transporte por metrô no ano?,Passageiros de Ônibus (Estudante),numeric,Metrô,1,1,1,0,0,1,1,Demanda
3.4.1.P,Qual o número de passageiros transportados com integração tarifária no serviço de transporte por metrô em 2023?,Qual o número de passageiros transportados com integração tarifária no serviço de transporte por metrô no ano?,Passageiros de Ônibus (Integração),numeric,Metrô,1,1,1,0,0,1,1,Demanda
3.4.1.Q,Qual o número de gratuidades no serviço de transporte por metrô em 2023?,Qual o número de gratuidades no serviço de transporte por metrô no ano?,Passageiros de Ônibus (Gratuidade),numeric,Metrô,1,1,1,0,0,1,1,Demanda
3.4.1.R,Qual o número de passageiros equivalentes transportados no serviço de transporte por metrô em 2023?,Qual o número de passageiros equivalentes transportados no serviço de transporte por metrô no ano?,Passageiros de Ônibus (Equivalentes),numeric,Metrô,1,1,1,0,0,1,1,Demanda
3.4.1.Y,Qual o número de passageiros comuns transportados no serviço de transporte por barco em 2023?,Qual o número de passageiros comuns transportados no serviço de transporte por barco no ano?,Passageiros de Ônibus (Comum),numeric,Barco,1,1,1,0,0,1,1,Demanda
3.4.1.AA,Qual o número de estudantes transportados no serviço de transporte por barco em 2023?,Qual o número de estudantes transportados no serviço de transporte por barco no ano?,Passageiros de Ônibus (Estudante),numeric,Barco,1,1,1,0,0,1,1,Demanda
3.4.1.AC,Qual o número de gratuidades no serviço de transporte por barco em 2023?,Qual o número de gratuidades no serviço de transporte por barco no ano?,Passageiros de Ônibus (Gratuidade),numeric,Barco,1,1,1,0,0,1,1,Demanda
3.4.1.AD,Qual o número de passageiros equivalentes transportados no serviço de transporte por barco em 2023?,Qual o número de passageiros equivalentes transportados no serviço de transporte por barco no ano?,Passageiros de Ônibus (Equivalentes),numeric,Barco,1,1,1,0,0,1,1,Demanda
3.5.1.A,Qual o percentual de desconto sobre a valor da tarifa pago pelos passageiros de baixa renda?,Qual o percentual de desconto sobre a valor da tarifa pago pelos passageiros de baixa renda?,Baixa Renda - Percentual de Desconto,numeric,NA,0,0,0,0,1,0,1,Tarifas
3.5.1.AA,Qual a renda máxima das pessoas de baixa renda que recebem desconto na no valor da tarifa? (Em salários mínimos),Qual a renda máxima das pessoas de baixa renda que recebem desconto na no valor da tarifa? (Em salários mínimos),Baixa Renda - Classificação,numeric,NA,0,0,0,0,0,1,1,Tarifas
3.5.1.B,Qual o percentual de desconto sobre a valor da tarifa pago pelos passageiros com idade de 60 a 64 anos?,Qual o percentual de desconto sobre a valor da tarifa pago pelos passageiros com idade de 60 a 64 anos?,Idosos - Tarifa Paga,numeric,NA,0,0,0,0,1,0,1,Tarifas
3.5.1.C,Qual o percentual de desconto sobre a valor da tarifa pago pelos passageiros com deficiência e mobilidade reduzida?,Qual o percentual de desconto sobre a valor da tarifa pago pelos passageiros com deficiência e mobilidade reduzida?,Deficientes - Tarifa Paga,numeric,NA,0,0,0,0,1,0,1,Tarifas
3.5.1.D,Qual o percentual de desconto sobre a valor da tarifa pago pelos estudantes da rede pública de ensino?,Qual o percentual de desconto sobre a valor da tarifa pago pelos estudantes da rede pública de ensino?,Estudantes de Rede Pública - Percentual de Desconto,numeric,NA,0,0,0,0,1,0,1,Tarifas
3.5.1.E,Qual o percentual de desconto sobre a valor da tarifa pago pelos estudantes da rede privada de ensino?,Qual o percentual de desconto sobre a valor da tarifa pago pelos estudantes da rede privada de ensino?,Estudantes de Rede Privada - Percentual de Desconto,numeric,NA,0,0,0,0,1,0,1,Tarifas
3.6.1.A,Qual o valor da Bandeirada do transporte público individual (táxi) no município?,Qual o valor da Bandeirada do transporte público individual (táxi) no município?,Táxi - Valor da Bandeirada,numeric,Táxi,1,1,0,0,0,1,1,Tarifas
3.6.1.B,"Qual o valor da Bandeirada 1 do serviço de táxi, por quilômetro rodado, se houver?","Qual o valor da Bandeirada 1 do serviço de táxi, por quilômetro rodado, se houver?",Táxi - Valor da Bandeirada 1,numeric,Táxi,0,0,0,0,0,1,1,Tarifas
3.6.1.C,"Qual o valor da Bandeirada 2 do serviço de táxi, por quilômetro rodado, se houver?","Qual o valor da Bandeirada 2 do serviço de táxi, por quilômetro rodado, se houver?",Táxi - Valor da Bandeirada 2,numeric,Táxi,0,0,NA,0,0,1,1,Tarifas
3.6.1.D,"Qual o valor do serviço de táxi, por hora parada, se houver?","Qual o valor do serviço de táxi, por hora parada, se houver?",Táxi - Valor Hora Parada,numeric,Táxi,1,1,0,0,0,1,1,Tarifas
3.6.1.E,"Qual o valor da tarifa aeroporto do serviço de táxi, se houver?","Qual o valor da tarifa aeroporto do serviço de táxi, se houver?",Táxi - Valor Tarifa Aeroporto,numeric,Táxi,1,1,0,0,0,1,1,Tarifas
3.6.1.F,"Qual o valor da Bandeirada do serviço de mototáxi no município, se houver?","Qual o valor da Bandeirada do serviço de mototáxi no município, se houver?",Táxi - Valor da Bandeirada,numeric,Mototáxi,1,1,0,0,0,1,1,Tarifas
3.6.1.G,"Qual o valor da Bandeirada 1 do serviço de mototáxi, por quilômetro rodado, se houver?","Qual o valor da Bandeirada 1 do serviço de mototáxi, por quilômetro rodado, se houver?",Táxi - Valor da Bandeirada 1,numeric,Mototáxi,0,0,0,0,0,1,1,Tarifas
3.6.1.H,"Qual o valor da Bandeirada 2 do serviço de mototáxi, por quilômetro rodado, se houver?","Qual o valor da Bandeirada 2 do serviço de mototáxi, por quilômetro rodado, se houver?",Táxi - Valor da Bandeirada 2,numeric,Mototáxi,0,0,0,0,0,1,1,Tarifas
3.6.1.I,"Qual o valor do serviço de mototáxi, por hora parada, se houver?","Qual o valor do serviço de mototáxi, por hora parada, se houver?",Táxi - Valor Hora Parada,numeric,Mototáxi,1,1,0,0,0,1,1,Tarifas
3.6.1.J,"Qual o valor da tarifa aeroporto do serviço de mototáxi, se houver?","Qual o valor da tarifa aeroporto do serviço de mototáxi, se houver?",Táxi - Valor Tarifa Aeroporto,numeric,Mototáxi,1,1,0,0,0,1,1,Tarifas
3.7.1.A,Mão de obra 1 (operação) diz respeito a qual percentual da planilha de custos do serviço por ônibus?,Mão de obra 1 (operação) diz respeito a qual percentual da planilha de custos do serviço por ônibus?,Percentual dos Custos - Operação (Ônibus),numeric,Ônibus,1,1,1,0,1,0,1,Custos
3.7.1.B,Mão de obra 2 (administrativo) diz respeito a qual percentual da planilha de custos do serviço por ônibus?,Mão de obra 2 (administrativo) diz respeito a qual percentual da planilha de custos do serviço por ônibus?,Percentual dos Custos - Administrativo (Ônibus),numeric,Ônibus,1,1,1,0,1,0,1,Custos
3.7.1.C,Combustíveis dizem respeito a qual percentual da planilha de custos do serviço por ônibus?,Combustíveis dizem respeito a qual percentual da planilha de custos do serviço por ônibus?,Percentual dos Custos - Combustível (Ônibus),numeric,Ônibus,1,1,1,0,1,0,1,Custos
3.7.1.D,Depreciação de veículos diz respeito a qual percentual da planilha de custos do serviço por ônibus?,Depreciação de veículos diz respeito a qual percentual da planilha de custos do serviço por ônibus?,Percentual dos Custos - Depreciação (Ônibus),numeric,Ônibus,1,1,1,0,1,0,1,Custos
3.7.1.E,Remuneração pela prestação do serviço diz respeito a qual percentual da planilha de custos do serviço por ônibus?,Remuneração pela prestação do serviço diz respeito a qual percentual da planilha de custos do serviço por ônibus?,Percentual dos Custos - Remuneração pelo Serviço Prestado (Ônibus),numeric,Ônibus,1,1,1,0,1,0,1,Custos
3.7.1.F,"Peças, acessórios e material de rodagem dizem respeito a qual percentual da planilha de custos do serviço por ônibus?","Peças, acessórios e material de rodagem dizem respeito a qual percentual da planilha de custos do serviço por ônibus?","Percentual dos Custos - Peças, acessórios e material de rodagem (Ônibus)",numeric,Ônibus,1,1,1,0,1,0,1,Custos
3.7.1.G,Impostos e tributação dizem respeito a qual percentual da planilha de custos do serviço por ônibus?,Impostos e tributação dizem respeito a qual percentual da planilha de custos do serviço por ônibus?,Percentual dos Custos - Impostos e Tributação (Ônibus),numeric,Ônibus,1,1,1,0,1,0,1,Custos
3.7.1.H,Despesas administrativas dizem respeito a qual percentual da planilha de custos do serviço por ônibus?,Despesas administrativas dizem respeito a qual percentual da planilha de custos do serviço por ônibus?,Percentual dos Custos - Despesas Administrativas (Ônibus),numeric,Ônibus,1,1,1,0,1,0,1,Custos
3.7.1.I,Outros insumos dizem respeito a qual percentual da planilha de custos do serviço por ônibus?,Outros insumos dizem respeito a qual percentual da planilha de custos do serviço por ônibus?,Percentual dos Custos - Outros insumos (Ônibus),numeric,Ônibus,1,1,1,0,1,0,1,Custos
3.7.1.J,"Se houver outros insumos, especificar:","Se houver outros insumos, especificar:",Outros insumos detalhamento (Ônibus),numeric,Ônibus,0,1,1,0,0,1,1,missing
4.1.1.A,Qual o ano de elaboração ou última atualização do Plano Diretor?,Qual o ano de elaboração ou última atualização do Plano Diretor?,Ano Plano Diretor,numeric,NA,0,1,0,0,0,1,1,missing
4.4.2,Qual o ano de elaboração ou última atualização do Plano de Mobilidade Urbana?,Qual o ano de elaboração ou última atualização do Plano de Mobilidade Urbana?,NA,numeric,NA,0,0,0,0,0,1,1,missing
4.7.1.A,Qual o ano de realização da última pesquisa O/D?,Qual o ano de realização da última pesquisa O/D?,Ano da POD,numeric,NA,0,0,0,0,0,1,1,missing
4.7.1.D,"Considerando todos os modos de transporte e as pesquisa O/D realizadas, qual o número médio de viagens diárias no município?","Considerando todos os modos de transporte e as pesquisa O/D realizadas, qual o número médio de viagens diárias no município?",POD - Número médio de viagens diárias,numeric,NA,0,0,0,0,0,1,1,missing
4.7.1.E,"Considerando todos os modos de transporte e as pesquisas O/D realizadas, qual a distância média das viagens no município? (Em km)","Considerando todos os modos de transporte e as pesquisas O/D realizadas, qual a distância média das viagens no município? (Em km)",POD - Distância média das viagens,numeric,NA,0,0,0,1,0,0,1,missing
4.7.1.F,"Considerando todos os modos de transportes e as pesquisas O/D realizadas, qual o tempo médio das viagens realizadas no município? (Em minutos)","Considerando todos os modos de transportes e as pesquisas O/D realizadas, qual o tempo médio das viagens realizadas no município? (Em minutos)",POD - Tempo médio das viagens,numeric,NA,0,0,0,0,0,1,1,missing
4.7.1.G,"Considerando a divisão modal identificada pelas pesquisas O/D realizadas, qual o percentual de viagens realizadas a pé? (Em %)","Considerando a divisão modal identificada pelas pesquisas O/D realizadas, qual o percentual de viagens realizadas a pé? (Em %)",POD - Percentual de viagens a pé,numeric,NA,0,0,0,0,1,0,1,missing
4.7.1.H,"Considerando a divisão modal identificada pelas pesquisas O/D realizadas, qual o percentual de viagens realizadas de bicicleta? (Em %)","Considerando a divisão modal identificada pelas pesquisas O/D realizadas, qual o percentual de viagens realizadas de bicicleta? (Em %)",POD - Percentual de viagens de bicicleta,numeric,Bicicleta,0,0,0,0,1,0,1,missing
4.7.1.I,"Considerando a divisão modal identificada pelas pesquisas O/D realizadas, qual o percentual de viagens realizadas por transporte coletivo? (Em %)","Considerando a divisão modal identificada pelas pesquisas O/D realizadas, qual o percentual de viagens realizadas por transporte coletivo? (Em %)",POD - Percentual de viagens por transporte público,numeric,NA,0,0,0,0,1,0,1,missing
4.7.1.J,"Considerando a divisão modal identificada pelas pesquisas O/D realizadas, qual o percentual de viagens realizadas por transporte individual motorizado (automóvel)? (Em %)","Considerando a divisão modal identificada pelas pesquisas O/D realizadas, qual o percentual de viagens realizadas por transporte individual motorizado (automóvel)? (Em %)",POD - Percentual de viagens por automóvel individual,numeric,NA,0,0,0,0,1,0,1,missing
4.7.1.K,"Considerando a divisão modal identificada pelas pesquisas O/D realizadas, qual o percentual de viagens realizadas por transporte individual motorizado (moto)? (Em %)","Considerando a divisão modal identificada pelas pesquisas O/D realizadas, qual o percentual de viagens realizadas por transporte individual motorizado (moto)? (Em %)",POD - Percentual de viagens por moto,numeric,NA,0,0,0,0,1,0,1,missing
4.7.1.L,"Considerando a divisão modal identificada pelas pesquisas O/D realizadas, qual o percentual de viagens realizadas por transporte individual remunerado (táxi, aplicativos)? (Em %)","Considerando a divisão modal identificada pelas pesquisas O/D realizadas, qual o percentual de viagens realizadas por transporte individual remunerado (táxi, aplicativos)? (Em %)",POD - Percentual de viagens por táxi ou carro de aplicativo,numeric,Táxi,0,0,0,0,1,0,1,missing
4.7.1.M,"Considerando a divisão modal identificada pelas pesquisas O/D realizadas, qual o percentual de viagens realizadas por outros modos de transporte? (Em %)","Considerando a divisão modal identificada pelas pesquisas O/D realizadas, qual o percentual de viagens realizadas por outros modos de transporte? (Em %)",POD - Percentual de viagens por outros modais,numeric,NA,0,0,0,0,1,0,1,missing
5.2.1,Qual o número de vagas de estacionamento regulamentados existentes no município?,Qual o número de vagas de estacionamento regulamentados existentes no município?,Vagas de Estacionamento Reguladas,numeric,NA,1,1,0,0,0,1,1,Infraestrutura
5.2.1.A,Qual o percentual de vagas de estacionamento reservadas para pessoas com deficiência e mobilidade reduzida? (Em %),Qual o percentual de vagas de estacionamento reservadas para pessoas com deficiência e mobilidade reduzida? (Em %),Percentual de Vagas de Estacionamento para Deficientes,numeric,NA,1,1,0,0,1,0,1,Infraestrutura
5.2.1.B,Qual o percentual de vagas de estacionamento reservadas para idosos? (Em %),Qual o percentual de vagas de estacionamento reservadas para idosos? (Em %),Percentual de Vagas de Estacionamento para Idosos,numeric,NA,1,1,0,0,1,0,1,Infraestrutura
5.2.1.C,Qual o percentual de vagas de estacionamento reservadas para gestantes? (Em %),Qual o percentual de vagas de estacionamento reservadas para gestantes? (Em %),Percentual de Vagas de Estacionamento para Gestantes,numeric,NA,1,1,0,0,1,0,1,Infraestrutura
5.2.2.A,Qual o valor arrecadado com a cobrança de estacionamento no ano de 2023?,Qual o valor arrecadado com a cobrança de estacionamento no ano de 2023?,Valor Arrecadado com Cobrança de Estacionamento,numeric,NA,1,1,0,0,0,1,1,Infraestrutura
7.1.1A,Qual o percentual da frota que utiliza etanol como fonte de energia?,Qual o percentual da frota que utiliza etanol como fonte de energia?,Frota de Ônibus Movido a Etanol (%),numeric,Ônibus,1,1,0,0,1,0,1,Frota
7.1.1.B,Qual o percentual da frota que utiliza eletricidade como fonte de energia?,Qual o percentual da frota que utiliza eletricidade como fonte de energia?,Frota de Ônibus Movido a Eletricidade (%),numeric,Ônibus,1,1,0,0,1,0,1,Frota
7.1.1.C,Qual o percentual da frota que utiliza gás natural como fonte de energia?,Qual o percentual da frota que utiliza gás natural como fonte de energia?,Frota de Ônibus Movido a Gás Natural (%),numeric,Ônibus,1,1,0,0,1,0,1,Frota
7.1.1.D,Qual o percentual da frota que utiliza hidrogênio como fonte de energia?,Qual o percentual da frota que utiliza hidrogênio como fonte de energia?,Frota de Ônibus Movido a Hidrogênio (%),numeric,Ônibus,1,1,0,0,1,0,1,Frota
7.1.1.E,Qual o percentual da frota que utiliza biodiesel como fonte de energia?,Qual o percentual da frota que utiliza biodiesel como fonte de energia?,Frota de Ônibus Movido a Biodiesel (%),numeric,Ônibus,1,1,0,0,1,0,1,Frota
7.1.1.F,Qual o percentual da frota que utiliza energia híbrida (eletricidade + diesel)?,Qual o percentual da frota que utiliza energia híbrida (eletricidade + diesel)?,Frota de Ônibus Híbridos (Eletricidade + Diesel) (%),numeric,Ônibus,1,1,0,0,1,0,1,Frota
7.2.1.A,Qual o percentual da frota de táxi que utiliza etanol como fonte de energia?,Qual o percentual da frota de táxi que utiliza etanol como fonte de energia?,Frota de Táxis Movido a Etanol (%),numeric,Táxi,1,1,0,0,1,0,1,Frota
7.2.1.B,Qual o percentual da frota de táxi que utiliza eletricidade como fonte de energia?,Qual o percentual da frota de táxi que utiliza eletricidade como fonte de energia?,Frota de Táxis Movido a Eletricidade (%),numeric,Táxi,1,1,0,0,1,0,1,Frota
7.2.1.C,Qual o percentual da frota de táxi que utiliza gás natural como fonte de energia?,Qual o percentual da frota de táxi que utiliza gás natural como fonte de energia?,Frota de Táxis Movido a Gás Natural (%),numeric,Táxi,1,1,0,0,1,0,1,Frota
7.2.1.D,Qual o percentual da frota de táxi que utiliza energia híbrida (eletricidade + gasolina)?,Qual o percentual da frota de táxi que utiliza energia híbrida (eletricidade + gasolina)?,Frota de Táxis Híbridos (Eletricidade + Gasolina) (%),numeric,Táxi,1,1,0,0,1,0,1,Frota
8.2.2.A,Qual o percentual de membros do Poder Executivo na composição do Conselho de mobilidade urbana ou similar? (Em %),Qual o percentual de membros do Poder Executivo na composição do Conselho de mobilidade urbana ou similar? (Em %),NA,numeric,NA,0,0,0,0,1,0,1,missing
8.2.2.B,Qual o percentual de membro do Poder Legislativo na composição do Conselho de mobilidade urbana ou similar? (Em %),Qual o percentual de membro do Poder Legislativo na composição do Conselho de mobilidade urbana ou similar? (Em %),NA,numeric,NA,0,0,0,0,1,0,1,missing
8.2.2.C,Qual o percentual de membros da Sociedade Civil na composição do Conselho de mobilidade urbana ou similar? (Em %),Qual o percentual de membros da Sociedade Civil na composição do Conselho de mobilidade urbana ou similar? (Em %),NA,numeric,NA,0,0,0,0,1,0,1,missing
8.2.2.D,Qual o percentual de membros dos operados dos serviços na composição do Conselho de mobilidade urbana ou similar? (Em %),Qual o percentual de membros dos operados dos serviços na composição do Conselho de mobilidade urbana ou similar? (Em %),NA,numeric,NA,0,0,0,0,1,0,1,missing
8.2.2.E,Qual o percentual de outros membros na composição dos Conselho de mobilidade urbana ou similar? (Em %),Qual o percentual de outros membros na composição dos Conselho de mobilidade urbana ou similar? (Em %),NA,numeric,NA,0,0,0,0,1,0,1,missing
9.1.2,Qual o número de agentes de trânsito em exercício no município em 2023?,Qual o número de agentes de trânsito em exercício no município no ano?,Agentes de Trânsito em Exercício,numeric,NA,1,1,0,0,0,1,1,missing
9.1.3,Qual o número de equipamentos de fiscalização de velocidade existentes?,Qual o número de equipamentos de fiscalização de velocidade existentes?,Equipamentos de Fiscalização,numeric,NA,1,1,0,0,0,1,1,missing
9.1.4,Qual foi a arrecadação anual em 2023 com multas de trânsito?,Qual foi a arrecadação anual no ano com multas de trânsito?,Valor Arrecadado com Multas de Trânsito,numeric,NA,1,1,0,0,0,1,1,missing
11.5.1.A,Qual o número de viagens realizadas em 2023 por transporte remunerado privado individual de passageiros no município (considerando todos os aplicativos)?,Qual o número de viagens realizadas no ano por transporte remunerado privado individual de passageiros no município (considerando todos os aplicativos)?,Passageiros de Transporte por Aplicativo,numeric,Transporte Remunerado Privado,0,0,0,0,0,1,1,Demanda
11.5.1.B,Qual a quilometragem percorrida em 2023 por transporte remunerado privado individual de passageiros no município (considerando todos os aplicativos)? (Em km),Qual a quilometragem percorrida no ano por transporte remunerado privado individual de passageiros no município (considerando todos os aplicativos)? (Em km),Quilômetros Percorridos de Transporte por Aplicativo,numeric,Transporte Remunerado Privado,0,0,0,0,0,1,1,Frota
